Workbook
Name CL_TIPO_VALOR: CAT_TIPO_VALOR!$A$2:$A$5
Name CL_TIPO_OBLIGACI_N: CAT_TIPO_OBLIGACI_N!$A$2:$A$15
Name CL_MONEDA: CAT_MONEDA!$A$2:$A$171
Name CL_ID_PAGOS: CAT_ID_PAGOS!$A$2:$A$3
Name CL_FLAG_HORARIO: CAT_FLAG_HORARIO!$A$2:$A$3
Name CL_CAT_ID_PAGOS_RET: CAT_CAT_ID_PAGOS_RET!$A$2:$A$3
Name CL_CAT_MOTIVO_RET: CAT_CAT_MOTIVO_RET!$A$2:$A$8
Name CL_CARACT_LIQ: CAT_CARACT_LIQ!$A$2:$A$4

Sheet VALIDACION
A1: RESUMEN DE VALIDACIÓN
A2: Total celdas con error de formato: | C2: =SUM(CHK!A2:P201)
A3: Estado: | C3: =IF(C2=0,"✔ SIN ERRORES DE FORMATO","✖ REVISAR: "&C2&" celda(s) marcada(s) en rojo")
A5: Orden | B5: Campo | C5: Tipo | D5: Long | E5: Catálogo | F5: # Errores | G5: # Vacíos (obligatorio)
A6: 1 | B6: FECHA_LIQ | C6: FECHA | D6: AAAA/MM/DD | E6: — | F6: =SUM(CHK!A2:A201) | G6: =COUNTBLANK('LID_LIQUIDACIONES'!A2:A201)
A7: 2 | B7: HORA_LIQ | C7: TEXTO | D7: 5 | E7: — | F7: =SUM(CHK!B2:B201) | G7: =COUNTBLANK('LID_LIQUIDACIONES'!B2:B201)
A8: 3 | B8: TIPO_VALOR | C8: NUMERICO | D8: 2,0 | E8: Tipo_Valor | F8: =SUM(CHK!C2:C201) | G8: =COUNTBLANK('LID_LIQUIDACIONES'!C2:C201)
A9: 4 | B9: TIPO_OBLIGACION | C9: NUMERICO | D9: 2,0 | E9: Tipo_Obligación | F9: =SUM(CHK!D2:D201) | G9: =COUNTBLANK('LID_LIQUIDACIONES'!D2:D201)
A10: 5 | B10: MONTO_PAGOS | C10: NUMERICO | D10: 12,0 | E10: — | F10: =SUM(CHK!E2:E201) | G10: =COUNTBLANK('LID_LIQUIDACIONES'!E2:E201)
A11: 6 | B11: MONEDA | C11: TEXTO | D11: 3 | E11: Moneda | F11: =SUM(CHK!F2:F201) | G11: =COUNTBLANK('LID_LIQUIDACIONES'!F2:F201)
A12: 7 | B12: ID_PAGOS | C12: NUMERICO | D12: 1,0 | E12: Id_Pagos | F12: =SUM(CHK!G2:G201) | G12: =COUNTBLANK('LID_LIQUIDACIONES'!G2:G201)
A13: 8 | B13: FLAG_HORARIO | C13: NUMERICO | D13: 1,0 | E13: Flag_Horario | F13: =SUM(CHK!H2:H201) | G13: =COUNTBLANK('LID_LIQUIDACIONES'!H2:H201)
A14: 9 | B14: ID_PAGOS_RET | C14: NUMERICO | D14: 1,0 | E14: CAT_ID_PAGOS_RET | F14: =SUM(CHK!I2:I201) | G14: =COUNTBLANK('LID_LIQUIDACIONES'!I2:I201)
A15: 10 | B15: FECHA_EST_PAGO | C15: FECHA | D15: AAAA/MM/DD | E15: — | F15: =SUM(CHK!J2:J201) | G15: =COUNTBLANK('LID_LIQUIDACIONES'!J2:J201)
A16: 11 | B16: HORA_EST_PAGO | C16: TEXTO | D16: 5 | E16: — | F16: =SUM(CHK!K2:K201) | G16: =COUNTBLANK('LID_LIQUIDACIONES'!K2:K201)
A17: 12 | B17: PENALIZACION | C17: NUMERICO | D17: 12,0 | E17: — | F17: =SUM(CHK!L2:L201) | G17: =COUNTBLANK('LID_LIQUIDACIONES'!L2:L201)
A18: 13 | B18: MOTIVO_RET | C18: NUMERICO | D18: 2,0 | E18: CAT_MOTIVO_RET | F18: =SUM(CHK!M2:M201) | G18: =COUNTBLANK('LID_LIQUIDACIONES'!M2:M201)
A19: 14 | B19: ID_OPERACION | C19: TEXTO | D19: 50 | E19: — | F19: =SUM(CHK!N2:N201) | G19: =COUNTBLANK('LID_LIQUIDACIONES'!N2:N201)
A20: 15 | B20: CARACT_LIQUIDACION | C20: NUMERICO | D20: 2,0 | E20: Caract_liq | F20: =SUM(CHK!O2:O201) | G20: =COUNTBLANK('LID_LIQUIDACIONES'!O2:O201)
A21: 16 | B21: FECHA_INFO | C21: FECHA | D21: AAAA/MM/DD | E21: — | F21: =SUM(CHK!P2:P201) | G21: =COUNTBLANK('LID_LIQUIDACIONES'!P2:P201)

Sheet LID_LIQUIDACIONES
A1: FECHA_LIQ | B1: HORA_LIQ | C1: TIPO_VALOR | D1: TIPO_OBLIGACION | E1: MONTO_PAGOS | F1: MONEDA | G1: ID_PAGOS | H1: FLAG_HORARIO | I1: ID_PAGOS_RET | J1: FECHA_EST_PAGO | K1: HORA_EST_PAGO | L1: PENALIZACION | M1: MOTIVO_RET | N1: ID_OPERACION | O1: CARACT_LIQUIDACION | P1: FECHA_INFO

Sheet CAT_TIPO_VALOR
A1: Clave | B1: Descripcion
A2: 1 | B2: Valor máximo durante el día
A3: 2 | B3: Segundo valor máximo durante el día
A4: 3 | B4: Tercer valor máximo durante el día
A5: 10 | B5: Total de pagos durante el día

Sheet CAT_TIPO_OBLIGACI_N
A1: Clave | B1: Descripcion
A2: 1 | B2: Pagos por Operaciones Cambiarias
A3: 2 | B3: Pagos por Operaciones de Préstamo de valores
A4: 3 | B4: Pagos por Operaciones de Reporto
A5: 4 | B5: Pagos por Operaciones Adelantadas (Forwards)
A6: 5 | B6: Pagos por Operaciones a Futuro
A7: 6 | B7: Pagos por Operaciones de Opción
A8: 7 | B8: Pagos por Operaciones de Intercambio (Swaps)
A9: 8 | B9: Pagos por Operaciones de Derivados de Crédito
A10: 9 | B10: Pagos por préstamos recibidos
A11: 10 | B11: Pagos por operaciones de call money
A12: 11 | B12: Pagos por retiros de depósitos a plazo
... A15: 14 | B15: Pagos por retiros de depósitos de exigibilidad inmediata

Sheet CAT_MONEDA
A1: Clave | B1: Descripcion
A2: AFN | B2: 971
A3: EUR | B3: 978
A4: ALL | B4: 8
A5: DZD | B5: 12
A6: USD | B6: 840
A7: AOA | B7: 973
A8: XCD | B8: 951
A9: ARS | B9: 32
A10: AMD | B10: 51
A11: AWG | B11: 533
A12: AUD | B12: 36
... A171: ZWL | B171: 932

Sheet CAT_ID_PAGOS
A1: Clave | B1: Descripcion
A2: 0 | B2: Sin obligaciones de pago
A3: 1 | B3: Con obligaciones de pago

Sheet CAT_FLAG_HORARIO
A1: Clave | B1: Descripcion
A2: 0 | B2: La obligación de pago no tiene un horario específico de liquidación
A3: 1 | B3: La obligación de pago tiene un horario específico de liquidación

Sheet CAT_CAT_ID_PAGOS_RET
A1: Clave | B1: Descripcion
A2: 0 | B2: No se llevó a cabo la liquidación de la obligación de pago
A3: 1 | B3: Sí se llevó a cabo la liquidación de la obligación de pago

Sheet CAT_CAT_MOTIVO_RET
A1: Clave | B1: Descripcion
A2: 1 | B2: Falla del sistema propio
A3: 2 | B3: Falla del sistema externo
A4: 3 | B4: Falta de liquidez
A5: 4 | B5: Fen?meno natural
A6: 5 | B6: Error humano
A7: 6 | B7: Horario del sistema de pago o liquidaci?n
A8: 7 | B8: Otros

Sheet CAT_CARACT_LIQ
A1: Clave | B1: Descripcion
A2: 1 | B2: Liquidaciones en tiempo y forma
A3: 2 | B3: Liquidaciones retrasadas o no aplicadas
A4: 3 | B4: Liquidaciones a través de corresponsales

Sheet CHK
A2: =IF(AND('LID_LIQUIDACIONES'!A2<>"",NOT(ISNUMBER('LID_LIQUIDACIONES'!A2))),1,0) | B2: =IF(AND('LID_LIQUIDACIONES'!B2<>"",LEN('LID_LIQUIDACIONES'!B2)>5),1,0) | C2: =IF(AND('LID_LIQUIDACIONES'!C2<>"",COUNTIF(CL_TIPO_VALOR,'LID_LIQUIDACIONES'!C2)=0),1,0) | D2: =IF(AND('LID_LIQUIDACIONES'!D2<>"",COUNTIF(CL_TIPO_OBLIGACI_N,'LID_LIQUIDACIONES'!D2)=0),1,0) | E2: =IF(AND('LID_LIQUIDACIONES'!E2<>"",IF(ISNUMBER('LID_LIQUIDACIONES'!E2),OR('LID_LIQUIDACIONES'!E2<>ROUND('LID_LIQUIDACIONES'!E2,0),LEN(TEXT(INT(ABS('LID_LIQUIDACIONES'!E2)),"0"))>12),TRUE)),1,0) | F2: =IF(AND('LID_LIQUIDACIONES'!F2<>"",OR(LEN('LID_LIQUIDACIONES'!F2)>3,COUNTIF(CL_MONEDA,'LID_LIQUIDACIONES'!F2)=0)),1,0) | G2: =IF(AND('LID_LIQUIDACIONES'!G2<>"",COUNTIF(CL_ID_PAGOS,'LID_LIQUIDACIONES'!G2)=0),1,0) | H2: =IF(AND('LID_LIQUIDACIONES'!H2<>"",COUNTIF(CL_FLAG_HORARIO,'LID_LIQUIDACIONES'!H2)=0),1,0) | I2: =IF(AND('LID_LIQUIDACIONES'!I2<>"",COUNTIF(CL_CAT_ID_PAGOS_RET,'LID_LIQUIDACIONES'!I2)=0),1,0) | J2: =IF(AND('LID_LIQUIDACIONES'!J2<>"",NOT(ISNUMBER('LID_LIQUIDACIONES'!J2))),1,0) | K2: =IF(AND('LID_LIQUIDACIONES'!K2<>"",LEN('LID_LIQUIDACIONES'!K2)>5),1,0) | L2: =IF(AND('LID_LIQUIDACIONES'!L2<>"",IF(ISNUMBER('LID_LIQUIDACIONES'!L2),OR('LID_LIQUIDACIONES'!L2<>ROUND('LID_LIQUIDACIONES'!L2,0),LEN(TEXT(INT(ABS('LID_LIQUIDACIONES'!L2)),"0"))>12),TRUE)),1,0) | M2: =IF(AND('LID_LIQUIDACIONES'!M2<>"",COUNTIF(CL_CAT_MOTIVO_RET,'LID_LIQUIDACIONES'!M2)=0),1,0) | N2: =IF(AND('LID_LIQUIDACIONES'!N2<>"",LEN('LID_LIQUIDACIONES'!N2)>50),1,0) | O2: =IF(AND('LID_LIQUIDACIONES'!O2<>"",COUNTIF(CL_CARACT_LIQ,'LID_LIQUIDACIONES'!O2)=0),1,0) | P2: =IF(AND('LID_LIQUIDACIONES'!P2<>"",NOT(ISNUMBER('LID_LIQUIDACIONES'!P2))),1,0)
A3: =IF(AND('LID_LIQUIDACIONES'!A3<>"",NOT(ISNUMBER('LID_LIQUIDACIONES'!A3))),1,0) | B3: =IF(AND('LID_LIQUIDACIONES'!B3<>"",LEN('LID_LIQUIDACIONES'!B3)>5),1,0) | C3: =IF(AND('LID_LIQUIDACIONES'!C3<>"",COUNTIF(CL_TIPO_VALOR,'LID_LIQUIDACIONES'!C3)=0),1,0) | D3: =IF(AND('LID_LIQUIDACIONES'!D3<>"",COUNTIF(CL_TIPO_OBLIGACI_N,'LID_LIQUIDACIONES'!D3)=0),1,0) | E3: =IF(AND('LID_LIQUIDACIONES'!E3<>"",IF(ISNUMBER('LID_LIQUIDACIONES'!E3),OR('LID_LIQUIDACIONES'!E3<>ROUND('LID_LIQUIDACIONES'!E3,0),LEN(TEXT(INT(ABS('LID_LIQUIDACIONES'!E3)),"0"))>12),TRUE)),1,0) | F3: =IF(AND('LID_LIQUIDACIONES'!F3<>"",OR(LEN('LID_LIQUIDACIONES'!F3)>3,COUNTIF(CL_MONEDA,'LID_LIQUIDACIONES'!F3)=0)),1,0) | G3: =IF(AND('LID_LIQUIDACIONES'!G3<>"",COUNTIF(CL_ID_PAGOS,'LID_LIQUIDACIONES'!G3)=0),1,0) | H3: =IF(AND('LID_LIQUIDACIONES'!H3<>"",COUNTIF(CL_FLAG_HORARIO,'LID_LIQUIDACIONES'!H3)=0),1,0) | I3: =IF(AND('LID_LIQUIDACIONES'!I3<>"",COUNTIF(CL_CAT_ID_PAGOS_RET,'LID_LIQUIDACIONES'!I3)=0),1,0) | J3: =IF(AND('LID_LIQUIDACIONES'!J3<>"",NOT(ISNUMBER('LID_LIQUIDACIONES'!J3))),1,0) | K3: =IF(AND('LID_LIQUIDACIONES'!K3<>"",LEN('LID_LIQUIDACIONES'!K3)>5),1,0) | L3: =IF(AND('LID_LIQUIDACIONES'!L3<>"",IF(ISNUMBER('LID_LIQUIDACIONES'!L3),OR('LID_LIQUIDACIONES'!L3<>ROUND('LID_LIQUIDACIONES'!L3,0),LEN(TEXT(INT(ABS('LID_LIQUIDACIONES'!L3)),"0"))>12),TRUE)),1,0) | M3: =IF(AND('LID_LIQUIDACIONES'!M3<>"",COUNTIF(CL_CAT_MOTIVO_RET,'LID_LIQUIDACIONES'!M3)=0),1,0) | N3: =IF(AND('LID_LIQUIDACIONES'!N3<>"",LEN('LID_LIQUIDACIONES'!N3)>50),1,0) | O3: =IF(AND('LID_LIQUIDACIONES'!O3<>"",COUNTIF(CL_CARACT_LIQ,'LID_LIQUIDACIONES'!O3)=0),1,0) | P3: =IF(AND('LID_LIQUIDACIONES'!P3<>"",NOT(ISNUMBER('LID_LIQUIDACIONES'!P3))),1,0)
A4: =IF(AND('LID_LIQUIDACIONES'!A4<>"",NOT(ISNUMBER('LID_LIQUIDACIONES'!A4))),1,0) | B4: =IF(AND('LID_LIQUIDACIONES'!B4<>"",LEN('LID_LIQUIDACIONES'!B4)>5),1,0) | C4: =IF(AND('LID_LIQUIDACIONES'!C4<>"",COUNTIF(CL_TIPO_VALOR,'LID_LIQUIDACIONES'!C4)=0),1,0) | D4: =IF(AND('LID_LIQUIDACIONES'!D4<>"",COUNTIF(CL_TIPO_OBLIGACI_N,'LID_LIQUIDACIONES'!D4)=0),1,0) | E4: =IF(AND('LID_LIQUIDACIONES'!E4<>"",IF(ISNUMBER('LID_LIQUIDACIONES'!E4),OR('LID_LIQUIDACIONES'!E4<>ROUND('LID_LIQUIDACIONES'!E4,0),LEN(TEXT(INT(ABS('LID_LIQUIDACIONES'!E4)),"0"))>12),TRUE)),1,0) | F4: =IF(AND('LID_LIQUIDACIONES'!F4<>"",OR(LEN('LID_LIQUIDACIONES'!F4)>3,COUNTIF(CL_MONEDA,'LID_LIQUIDACIONES'!F4)=0)),1,0) | G4: =IF(AND('LID_LIQUIDACIONES'!G4<>"",COUNTIF(CL_ID_PAGOS,'LID_LIQUIDACIONES'!G4)=0),1,0) | H4: =IF(AND('LID_LIQUIDACIONES'!H4<>"",COUNTIF(CL_FLAG_HORARIO,'LID_LIQUIDACIONES'!H4)=0),1,0) | I4: =IF(AND('LID_LIQUIDACIONES'!I4<>"",COUNTIF(CL_CAT_ID_PAGOS_RET,'LID_LIQUIDACIONES'!I4)=0),1,0) | J4: =IF(AND('LID_LIQUIDACIONES'!J4<>"",NOT(ISNUMBER('LID_LIQUIDACIONES'!J4))),1,0) | K4: =IF(AND('LID_LIQUIDACIONES'!K4<>"",LEN('LID_LIQUIDACIONES'!K4)>5),1,0) | L4: =IF(AND('LID_LIQUIDACIONES'!L4<>"",IF(ISNUMBER('LID_LIQUIDACIONES'!L4),OR('LID_LIQUIDACIONES'!L4<>ROUND('LID_LIQUIDACIONES'!L4,0),LEN(TEXT(INT(ABS('LID_LIQUIDACIONES'!L4)),"0"))>12),TRUE)),1,0) | M4: =IF(AND('LID_LIQUIDACIONES'!M4<>"",COUNTIF(CL_CAT_MOTIVO_RET,'LID_LIQUIDACIONES'!M4)=0),1,0) | N4: =IF(AND('LID_LIQUIDACIONES'!N4<>"",LEN('LID_LIQUIDACIONES'!N4)>50),1,0) | O4: =IF(AND('LID_LIQUIDACIONES'!O4<>"",COUNTIF(CL_CARACT_LIQ,'LID_LIQUIDACIONES'!O4)=0),1,0) | P4: =IF(AND('LID_LIQUIDACIONES'!P4<>"",NOT(ISNUMBER('LID_LIQUIDACIONES'!P4))),1,0)
A5: =IF(AND('LID_LIQUIDACIONES'!A5<>"",NOT(ISNUMBER('LID_LIQUIDACIONES'!A5))),1,0) | B5: =IF(AND('LID_LIQUIDACIONES'!B5<>"",LEN('LID_LIQUIDACIONES'!B5)>5),1,0) | C5: =IF(AND('LID_LIQUIDACIONES'!C5<>"",COUNTIF(CL_TIPO_VALOR,'LID_LIQUIDACIONES'!C5)=0),1,0) | D5: =IF(AND('LID_LIQUIDACIONES'!D5<>"",COUNTIF(CL_TIPO_OBLIGACI_N,'LID_LIQUIDACIONES'!D5)=0),1,0) | E5: =IF(AND('LID_LIQUIDACIONES'!E5<>"",IF(ISNUMBER('LID_LIQUIDACIONES'!E5),OR('LID_LIQUIDACIONES'!E5<>ROUND('LID_LIQUIDACIONES'!E5,0),LEN(TEXT(INT(ABS('LID_LIQUIDACIONES'!E5)),"0"))>12),TRUE)),1,0) | F5: =IF(AND('LID_LIQUIDACIONES'!F5<>"",OR(LEN('LID_LIQUIDACIONES'!F5)>3,COUNTIF(CL_MONEDA,'LID_LIQUIDACIONES'!F5)=0)),1,0) | G5: =IF(AND('LID_LIQUIDACIONES'!G5<>"",COUNTIF(CL_ID_PAGOS,'LID_LIQUIDACIONES'!G5)=0),1,0) | H5: =IF(AND('LID_LIQUIDACIONES'!H5<>"",COUNTIF(CL_FLAG_HORARIO,'LID_LIQUIDACIONES'!H5)=0),1,0) | I5: =IF(AND('LID_LIQUIDACIONES'!I5<>"",COUNTIF(CL_CAT_ID_PAGOS_RET,'LID_LIQUIDACIONES'!I5)=0),1,0) | J5: =IF(AND('LID_LIQUIDACIONES'!J5<>"",NOT(ISNUMBER('LID_LIQUIDACIONES'!J5))),1,0) | K5: =IF(AND('LID_LIQUIDACIONES'!K5<>"",LEN('LID_LIQUIDACIONES'!K5)>5),1,0) | L5: =IF(AND('LID_LIQUIDACIONES'!L5<>"",IF(ISNUMBER('LID_LIQUIDACIONES'!L5),OR('LID_LIQUIDACIONES'!L5<>ROUND('LID_LIQUIDACIONES'!L5,0),LEN(TEXT(INT(ABS('LID_LIQUIDACIONES'!L5)),"0"))>12),TRUE)),1,0) | M5: =IF(AND('LID_LIQUIDACIONES'!M5<>"",COUNTIF(CL_CAT_MOTIVO_RET,'LID_LIQUIDACIONES'!M5)=0),1,0) | N5: =IF(AND('LID_LIQUIDACIONES'!N5<>"",LEN('LID_LIQUIDACIONES'!N5)>50),1,0) | O5: =IF(AND('LID_LIQUIDACIONES'!O5<>"",COUNTIF(CL_CARACT_LIQ,'LID_LIQUIDACIONES'!O5)=0),1,0) | P5: =IF(AND('LID_LIQUIDACIONES'!P5<>"",NOT(ISNUMBER('LID_LIQUIDACIONES'!P5))),1,0)
A6: =IF(AND('LID_LIQUIDACIONES'!A6<>"",NOT(ISNUMBER('LID_LIQUIDACIONES'!A6))),1,0) | B6: =IF(AND('LID_LIQUIDACIONES'!B6<>"",LEN('LID_LIQUIDACIONES'!B6)>5),1,0) | C6: =IF(AND('LID_LIQUIDACIONES'!C6<>"",COUNTIF(CL_TIPO_VALOR,'LID_LIQUIDACIONES'!C6)=0),1,0) | D6: =IF(AND('LID_LIQUIDACIONES'!D6<>"",COUNTIF(CL_TIPO_OBLIGACI_N,'LID_LIQUIDACIONES'!D6)=0),1,0) | E6: =IF(AND('LID_LIQUIDACIONES'!E6<>"",IF(ISNUMBER('LID_LIQUIDACIONES'!E6),OR('LID_LIQUIDACIONES'!E6<>ROUND('LID_LIQUIDACIONES'!E6,0),LEN(TEXT(INT(ABS('LID_LIQUIDACIONES'!E6)),"0"))>12),TRUE)),1,0) | F6: =IF(AND('LID_LIQUIDACIONES'!F6<>"",OR(LEN('LID_LIQUIDACIONES'!F6)>3,COUNTIF(CL_MONEDA,'LID_LIQUIDACIONES'!F6)=0)),1,0) | G6: =IF(AND('LID_LIQUIDACIONES'!G6<>"",COUNTIF(CL_ID_PAGOS,'LID_LIQUIDACIONES'!G6)=0),1,0) | H6: =IF(AND('LID_LIQUIDACIONES'!H6<>"",COUNTIF(CL_FLAG_HORARIO,'LID_LIQUIDACIONES'!H6)=0),1,0) | I6: =IF(AND('LID_LIQUIDACIONES'!I6<>"",COUNTIF(CL_CAT_ID_PAGOS_RET,'LID_LIQUIDACIONES'!I6)=0),1,0) | J6: =IF(AND('LID_LIQUIDACIONES'!J6<>"",NOT(ISNUMBER('LID_LIQUIDACIONES'!J6))),1,0) | K6: =IF(AND('LID_LIQUIDACIONES'!K6<>"",LEN('LID_LIQUIDACIONES'!K6)>5),1,0) | L6: =IF(AND('LID_LIQUIDACIONES'!L6<>"",IF(ISNUMBER('LID_LIQUIDACIONES'!L6),OR('LID_LIQUIDACIONES'!L6<>ROUND('LID_LIQUIDACIONES'!L6,0),LEN(TEXT(INT(ABS('LID_LIQUIDACIONES'!L6)),"0"))>12),TRUE)),1,0) | M6: =IF(AND('LID_LIQUIDACIONES'!M6<>"",COUNTIF(CL_CAT_MOTIVO_RET,'LID_LIQUIDACIONES'!M6)=0),1,0) | N6: =IF(AND('LID_LIQUIDACIONES'!N6<>"",LEN('LID_LIQUIDACIONES'!N6)>50),1,0) | O6: =IF(AND('LID_LIQUIDACIONES'!O6<>"",COUNTIF(CL_CARACT_LIQ,'LID_LIQUIDACIONES'!O6)=0),1,0) | P6: =IF(AND('LID_LIQUIDACIONES'!P6<>"",NOT(ISNUMBER('LID_LIQUIDACIONES'!P6))),1,0)
A7: =IF(AND('LID_LIQUIDACIONES'!A7<>"",NOT(ISNUMBER('LID_LIQUIDACIONES'!A7))),1,0) | B7: =IF(AND('LID_LIQUIDACIONES'!B7<>"",LEN('LID_LIQUIDACIONES'!B7)>5),1,0) | C7: =IF(AND('LID_LIQUIDACIONES'!C7<>"",COUNTIF(CL_TIPO_VALOR,'LID_LIQUIDACIONES'!C7)=0),1,0) | D7: =IF(AND('LID_LIQUIDACIONES'!D7<>"",COUNTIF(CL_TIPO_OBLIGACI_N,'LID_LIQUIDACIONES'!D7)=0),1,0) | E7: =IF(AND('LID_LIQUIDACIONES'!E7<>"",IF(ISNUMBER('LID_LIQUIDACIONES'!E7),OR('LID_LIQUIDACIONES'!E7<>ROUND('LID_LIQUIDACIONES'!E7,0),LEN(TEXT(INT(ABS('LID_LIQUIDACIONES'!E7)),"0"))>12),TRUE)),1,0) | F7: =IF(AND('LID_LIQUIDACIONES'!F7<>"",OR(LEN('LID_LIQUIDACIONES'!F7)>3,COUNTIF(CL_MONEDA,'LID_LIQUIDACIONES'!F7)=0)),1,0) | G7: =IF(AND('LID_LIQUIDACIONES'!G7<>"",COUNTIF(CL_ID_PAGOS,'LID_LIQUIDACIONES'!G7)=0),1,0) | H7: =IF(AND('LID_LIQUIDACIONES'!H7<>"",COUNTIF(CL_FLAG_HORARIO,'LID_LIQUIDACIONES'!H7)=0),1,0) | I7: =IF(AND('LID_LIQUIDACIONES'!I7<>"",COUNTIF(CL_CAT_ID_PAGOS_RET,'LID_LIQUIDACIONES'!I7)=0),1,0) | J7: =IF(AND('LID_LIQUIDACIONES'!J7<>"",NOT(ISNUMBER('LID_LIQUIDACIONES'!J7))),1,0) | K7: =IF(AND('LID_LIQUIDACIONES'!K7<>"",LEN('LID_LIQUIDACIONES'!K7)>5),1,0) | L7: =IF(AND('LID_LIQUIDACIONES'!L7<>"",IF(ISNUMBER('LID_LIQUIDACIONES'!L7),OR('LID_LIQUIDACIONES'!L7<>ROUND('LID_LIQUIDACIONES'!L7,0),LEN(TEXT(INT(ABS('LID_LIQUIDACIONES'!L7)),"0"))>12),TRUE)),1,0) | M7: =IF(AND('LID_LIQUIDACIONES'!M7<>"",COUNTIF(CL_CAT_MOTIVO_RET,'LID_LIQUIDACIONES'!M7)=0),1,0) | N7: =IF(AND('LID_LIQUIDACIONES'!N7<>"",LEN('LID_LIQUIDACIONES'!N7)>50),1,0) | O7: =IF(AND('LID_LIQUIDACIONES'!O7<>"",COUNTIF(CL_CARACT_LIQ,'LID_LIQUIDACIONES'!O7)=0),1,0) | P7: =IF(AND('LID_LIQUIDACIONES'!P7<>"",NOT(ISNUMBER('LID_LIQUIDACIONES'!P7))),1,0)
A8: =IF(AND('LID_LIQUIDACIONES'!A8<>"",NOT(ISNUMBER('LID_LIQUIDACIONES'!A8))),1,0) | B8: =IF(AND('LID_LIQUIDACIONES'!B8<>"",LEN('LID_LIQUIDACIONES'!B8)>5),1,0) | C8: =IF(AND('LID_LIQUIDACIONES'!C8<>"",COUNTIF(CL_TIPO_VALOR,'LID_LIQUIDACIONES'!C8)=0),1,0) | D8: =IF(AND('LID_LIQUIDACIONES'!D8<>"",COUNTIF(CL_TIPO_OBLIGACI_N,'LID_LIQUIDACIONES'!D8)=0),1,0) | E8: =IF(AND('LID_LIQUIDACIONES'!E8<>"",IF(ISNUMBER('LID_LIQUIDACIONES'!E8),OR('LID_LIQUIDACIONES'!E8<>ROUND('LID_LIQUIDACIONES'!E8,0),LEN(TEXT(INT(ABS('LID_LIQUIDACIONES'!E8)),"0"))>12),TRUE)),1,0) | F8: =IF(AND('LID_LIQUIDACIONES'!F8<>"",OR(LEN('LID_LIQUIDACIONES'!F8)>3,COUNTIF(CL_MONEDA,'LID_LIQUIDACIONES'!F8)=0)),1,0) | G8: =IF(AND('LID_LIQUIDACIONES'!G8<>"",COUNTIF(CL_ID_PAGOS,'LID_LIQUIDACIONES'!G8)=0),1,0) | H8: =IF(AND('LID_LIQUIDACIONES'!H8<>"",COUNTIF(CL_FLAG_HORARIO,'LID_LIQUIDACIONES'!H8)=0),1,0) | I8: =IF(AND('LID_LIQUIDACIONES'!I8<>"",COUNTIF(CL_CAT_ID_PAGOS_RET,'LID_LIQUIDACIONES'!I8)=0),1,0) | J8: =IF(AND('LID_LIQUIDACIONES'!J8<>"",NOT(ISNUMBER('LID_LIQUIDACIONES'!J8))),1,0) | K8: =IF(AND('LID_LIQUIDACIONES'!K8<>"",LEN('LID_LIQUIDACIONES'!K8)>5),1,0) | L8: =IF(AND('LID_LIQUIDACIONES'!L8<>"",IF(ISNUMBER('LID_LIQUIDACIONES'!L8),OR('LID_LIQUIDACIONES'!L8<>ROUND('LID_LIQUIDACIONES'!L8,0),LEN(TEXT(INT(ABS('LID_LIQUIDACIONES'!L8)),"0"))>12),TRUE)),1,0) | M8: =IF(AND('LID_LIQUIDACIONES'!M8<>"",COUNTIF(CL_CAT_MOTIVO_RET,'LID_LIQUIDACIONES'!M8)=0),1,0) | N8: =IF(AND('LID_LIQUIDACIONES'!N8<>"",LEN('LID_LIQUIDACIONES'!N8)>50),1,0) | O8: =IF(AND('LID_LIQUIDACIONES'!O8<>"",COUNTIF(CL_CARACT_LIQ,'LID_LIQUIDACIONES'!O8)=0),1,0) | P8: =IF(AND('LID_LIQUIDACIONES'!P8<>"",NOT(ISNUMBER('LID_LIQUIDACIONES'!P8))),1,0)
A9: =IF(AND('LID_LIQUIDACIONES'!A9<>"",NOT(ISNUMBER('LID_LIQUIDACIONES'!A9))),1,0) | B9: =IF(AND('LID_LIQUIDACIONES'!B9<>"",LEN('LID_LIQUIDACIONES'!B9)>5),1,0) | C9: =IF(AND('LID_LIQUIDACIONES'!C9<>"",COUNTIF(CL_TIPO_VALOR,'LID_LIQUIDACIONES'!C9)=0),1,0) | D9: =IF(AND('LID_LIQUIDACIONES'!D9<>"",COUNTIF(CL_TIPO_OBLIGACI_N,'LID_LIQUIDACIONES'!D9)=0),1,0) | E9: =IF(AND('LID_LIQUIDACIONES'!E9<>"",IF(ISNUMBER('LID_LIQUIDACIONES'!E9),OR('LID_LIQUIDACIONES'!E9<>ROUND('LID_LIQUIDACIONES'!E9,0),LEN(TEXT(INT(ABS('LID_LIQUIDACIONES'!E9)),"0"))>12),TRUE)),1,0) | F9: =IF(AND('LID_LIQUIDACIONES'!F9<>"",OR(LEN('LID_LIQUIDACIONES'!F9)>3,COUNTIF(CL_MONEDA,'LID_LIQUIDACIONES'!F9)=0)),1,0) | G9: =IF(AND('LID_LIQUIDACIONES'!G9<>"",COUNTIF(CL_ID_PAGOS,'LID_LIQUIDACIONES'!G9)=0),1,0) | H9: =IF(AND('LID_LIQUIDACIONES'!H9<>"",COUNTIF(CL_FLAG_HORARIO,'LID_LIQUIDACIONES'!H9)=0),1,0) | I9: =IF(AND('LID_LIQUIDACIONES'!I9<>"",COUNTIF(CL_CAT_ID_PAGOS_RET,'LID_LIQUIDACIONES'!I9)=0),1,0) | J9: =IF(AND('LID_LIQUIDACIONES'!J9<>"",NOT(ISNUMBER('LID_LIQUIDACIONES'!J9))),1,0) | K9: =IF(AND('LID_LIQUIDACIONES'!K9<>"",LEN('LID_LIQUIDACIONES'!K9)>5),1,0) | L9: =IF(AND('LID_LIQUIDACIONES'!L9<>"",IF(ISNUMBER('LID_LIQUIDACIONES'!L9),OR('LID_LIQUIDACIONES'!L9<>ROUND('LID_LIQUIDACIONES'!L9,0),LEN(TEXT(INT(ABS('LID_LIQUIDACIONES'!L9)),"0"))>12),TRUE)),1,0) | M9: =IF(AND('LID_LIQUIDACIONES'!M9<>"",COUNTIF(CL_CAT_MOTIVO_RET,'LID_LIQUIDACIONES'!M9)=0),1,0) | N9: =IF(AND('LID_LIQUIDACIONES'!N9<>"",LEN('LID_LIQUIDACIONES'!N9)>50),1,0) | O9: =IF(AND('LID_LIQUIDACIONES'!O9<>"",COUNTIF(CL_CARACT_LIQ,'LID_LIQUIDACIONES'!O9)=0),1,0) | P9: =IF(AND('LID_LIQUIDACIONES'!P9<>"",NOT(ISNUMBER('LID_LIQUIDACIONES'!P9))),1,0)
A10: =IF(AND('LID_LIQUIDACIONES'!A10<>"",NOT(ISNUMBER('LID_LIQUIDACIONES'!A10))),1,0) | B10: =IF(AND('LID_LIQUIDACIONES'!B10<>"",LEN('LID_LIQUIDACIONES'!B10)>5),1,0) | C10: =IF(AND('LID_LIQUIDACIONES'!C10<>"",COUNTIF(CL_TIPO_VALOR,'LID_LIQUIDACIONES'!C10)=0),1,0) | D10: =IF(AND('LID_LIQUIDACIONES'!D10<>"",COUNTIF(CL_TIPO_OBLIGACI_N,'LID_LIQUIDACIONES'!D10)=0),1,0) | E10: =IF(AND('LID_LIQUIDACIONES'!E10<>"",IF(ISNUMBER('LID_LIQUIDACIONES'!E10),OR('LID_LIQUIDACIONES'!E10<>ROUND('LID_LIQUIDACIONES'!E10,0),LEN(TEXT(INT(ABS('LID_LIQUIDACIONES'!E10)),"0"))>12),TRUE)),1,0) | F10: =IF(AND('LID_LIQUIDACIONES'!F10<>"",OR(LEN('LID_LIQUIDACIONES'!F10)>3,COUNTIF(CL_MONEDA,'LID_LIQUIDACIONES'!F10)=0)),1,0) | G10: =IF(AND('LID_LIQUIDACIONES'!G10<>"",COUNTIF(CL_ID_PAGOS,'LID_LIQUIDACIONES'!G10)=0),1,0) | H10: =IF(AND('LID_LIQUIDACIONES'!H10<>"",COUNTIF(CL_FLAG_HORARIO,'LID_LIQUIDACIONES'!H10)=0),1,0) | I10: =IF(AND('LID_LIQUIDACIONES'!I10<>"",COUNTIF(CL_CAT_ID_PAGOS_RET,'LID_LIQUIDACIONES'!I10)=0),1,0) | J10: =IF(AND('LID_LIQUIDACIONES'!J10<>"",NOT(ISNUMBER('LID_LIQUIDACIONES'!J10))),1,0) | K10: =IF(AND('LID_LIQUIDACIONES'!K10<>"",LEN('LID_LIQUIDACIONES'!K10)>5),1,0) | L10: =IF(AND('LID_LIQUIDACIONES'!L10<>"",IF(ISNUMBER('LID_LIQUIDACIONES'!L10),OR('LID_LIQUIDACIONES'!L10<>ROUND('LID_LIQUIDACIONES'!L10,0),LEN(TEXT(INT(ABS('LID_LIQUIDACIONES'!L10)),"0"))>12),TRUE)),1,0) | M10: =IF(AND('LID_LIQUIDACIONES'!M10<>"",COUNTIF(CL_CAT_MOTIVO_RET,'LID_LIQUIDACIONES'!M10)=0),1,0) | N10: =IF(AND('LID_LIQUIDACIONES'!N10<>"",LEN('LID_LIQUIDACIONES'!N10)>50),1,0) | O10: =IF(AND('LID_LIQUIDACIONES'!O10<>"",COUNTIF(CL_CARACT_LIQ,'LID_LIQUIDACIONES'!O10)=0),1,0) | P10: =IF(AND('LID_LIQUIDACIONES'!P10<>"",NOT(ISNUMBER('LID_LIQUIDACIONES'!P10))),1,0)
A11: =IF(AND('LID_LIQUIDACIONES'!A11<>"",NOT(ISNUMBER('LID_LIQUIDACIONES'!A11))),1,0) | B11: =IF(AND('LID_LIQUIDACIONES'!B11<>"",LEN('LID_LIQUIDACIONES'!B11)>5),1,0) | C11: =IF(AND('LID_LIQUIDACIONES'!C11<>"",COUNTIF(CL_TIPO_VALOR,'LID_LIQUIDACIONES'!C11)=0),1,0) | D11: =IF(AND('LID_LIQUIDACIONES'!D11<>"",COUNTIF(CL_TIPO_OBLIGACI_N,'LID_LIQUIDACIONES'!D11)=0),1,0) | E11: =IF(AND('LID_LIQUIDACIONES'!E11<>"",IF(ISNUMBER('LID_LIQUIDACIONES'!E11),OR('LID_LIQUIDACIONES'!E11<>ROUND('LID_LIQUIDACIONES'!E11,0),LEN(TEXT(INT(ABS('LID_LIQUIDACIONES'!E11)),"0"))>12),TRUE)),1,0) | F11: =IF(AND('LID_LIQUIDACIONES'!F11<>"",OR(LEN('LID_LIQUIDACIONES'!F11)>3,COUNTIF(CL_MONEDA,'LID_LIQUIDACIONES'!F11)=0)),1,0) | G11: =IF(AND('LID_LIQUIDACIONES'!G11<>"",COUNTIF(CL_ID_PAGOS,'LID_LIQUIDACIONES'!G11)=0),1,0) | H11: =IF(AND('LID_LIQUIDACIONES'!H11<>"",COUNTIF(CL_FLAG_HORARIO,'LID_LIQUIDACIONES'!H11)=0),1,0) | I11: =IF(AND('LID_LIQUIDACIONES'!I11<>"",COUNTIF(CL_CAT_ID_PAGOS_RET,'LID_LIQUIDACIONES'!I11)=0),1,0) | J11: =IF(AND('LID_LIQUIDACIONES'!J11<>"",NOT(ISNUMBER('LID_LIQUIDACIONES'!J11))),1,0) | K11: =IF(AND('LID_LIQUIDACIONES'!K11<>"",LEN('LID_LIQUIDACIONES'!K11)>5),1,0) | L11: =IF(AND('LID_LIQUIDACIONES'!L11<>"",IF(ISNUMBER('LID_LIQUIDACIONES'!L11),OR('LID_LIQUIDACIONES'!L11<>ROUND('LID_LIQUIDACIONES'!L11,0),LEN(TEXT(INT(ABS('LID_LIQUIDACIONES'!L11)),"0"))>12),TRUE)),1,0) | M11: =IF(AND('LID_LIQUIDACIONES'!M11<>"",COUNTIF(CL_CAT_MOTIVO_RET,'LID_LIQUIDACIONES'!M11)=0),1,0) | N11: =IF(AND('LID_LIQUIDACIONES'!N11<>"",LEN('LID_LIQUIDACIONES'!N11)>50),1,0) | O11: =IF(AND('LID_LIQUIDACIONES'!O11<>"",COUNTIF(CL_CARACT_LIQ,'LID_LIQUIDACIONES'!O11)=0),1,0) | P11: =IF(AND('LID_LIQUIDACIONES'!P11<>"",NOT(ISNUMBER('LID_LIQUIDACIONES'!P11))),1,0)
A12: =IF(AND('LID_LIQUIDACIONES'!A12<>"",NOT(ISNUMBER('LID_LIQUIDACIONES'!A12))),1,0) | B12: =IF(AND('LID_LIQUIDACIONES'!B12<>"",LEN('LID_LIQUIDACIONES'!B12)>5),1,0) | C12: =IF(AND('LID_LIQUIDACIONES'!C12<>"",COUNTIF(CL_TIPO_VALOR,'LID_LIQUIDACIONES'!C12)=0),1,0) | D12: =IF(AND('LID_LIQUIDACIONES'!D12<>"",COUNTIF(CL_TIPO_OBLIGACI_N,'LID_LIQUIDACIONES'!D12)=0),1,0) | E12: =IF(AND('LID_LIQUIDACIONES'!E12<>"",IF(ISNUMBER('LID_LIQUIDACIONES'!E12),OR('LID_LIQUIDACIONES'!E12<>ROUND('LID_LIQUIDACIONES'!E12,0),LEN(TEXT(INT(ABS('LID_LIQUIDACIONES'!E12)),"0"))>12),TRUE)),1,0) | F12: =IF(AND('LID_LIQUIDACIONES'!F12<>"",OR(LEN('LID_LIQUIDACIONES'!F12)>3,COUNTIF(CL_MONEDA,'LID_LIQUIDACIONES'!F12)=0)),1,0) | G12: =IF(AND('LID_LIQUIDACIONES'!G12<>"",COUNTIF(CL_ID_PAGOS,'LID_LIQUIDACIONES'!G12)=0),1,0) | H12: =IF(AND('LID_LIQUIDACIONES'!H12<>"",COUNTIF(CL_FLAG_HORARIO,'LID_LIQUIDACIONES'!H12)=0),1,0) | I12: =IF(AND('LID_LIQUIDACIONES'!I12<>"",COUNTIF(CL_CAT_ID_PAGOS_RET,'LID_LIQUIDACIONES'!I12)=0),1,0) | J12: =IF(AND('LID_LIQUIDACIONES'!J12<>"",NOT(ISNUMBER('LID_LIQUIDACIONES'!J12))),1,0) | K12: =IF(AND('LID_LIQUIDACIONES'!K12<>"",LEN('LID_LIQUIDACIONES'!K12)>5),1,0) | L12: =IF(AND('LID_LIQUIDACIONES'!L12<>"",IF(ISNUMBER('LID_LIQUIDACIONES'!L12),OR('LID_LIQUIDACIONES'!L12<>ROUND('LID_LIQUIDACIONES'!L12,0),LEN(TEXT(INT(ABS('LID_LIQUIDACIONES'!L12)),"0"))>12),TRUE)),1,0) | M12: =IF(AND('LID_LIQUIDACIONES'!M12<>"",COUNTIF(CL_CAT_MOTIVO_RET,'LID_LIQUIDACIONES'!M12)=0),1,0) | N12: =IF(AND('LID_LIQUIDACIONES'!N12<>"",LEN('LID_LIQUIDACIONES'!N12)>50),1,0) | O12: =IF(AND('LID_LIQUIDACIONES'!O12<>"",COUNTIF(CL_CARACT_LIQ,'LID_LIQUIDACIONES'!O12)=0),1,0) | P12: =IF(AND('LID_LIQUIDACIONES'!P12<>"",NOT(ISNUMBER('LID_LIQUIDACIONES'!P12))),1,0)
A13: =IF(AND('LID_LIQUIDACIONES'!A13<>"",NOT(ISNUMBER('LID_LIQUIDACIONES'!A13))),1,0) | B13: =IF(AND('LID_LIQUIDACIONES'!B13<>"",LEN('LID_LIQUIDACIONES'!B13)>5),1,0) | C13: =IF(AND('LID_LIQUIDACIONES'!C13<>"",COUNTIF(CL_TIPO_VALOR,'LID_LIQUIDACIONES'!C13)=0),1,0) | D13: =IF(AND('LID_LIQUIDACIONES'!D13<>"",COUNTIF(CL_TIPO_OBLIGACI_N,'LID_LIQUIDACIONES'!D13)=0),1,0) | E13: =IF(AND('LID_LIQUIDACIONES'!E13<>"",IF(ISNUMBER('LID_LIQUIDACIONES'!E13),OR('LID_LIQUIDACIONES'!E13<>ROUND('LID_LIQUIDACIONES'!E13,0),LEN(TEXT(INT(ABS('LID_LIQUIDACIONES'!E13)),"0"))>12),TRUE)),1,0) | F13: =IF(AND('LID_LIQUIDACIONES'!F13<>"",OR(LEN('LID_LIQUIDACIONES'!F13)>3,COUNTIF(CL_MONEDA,'LID_LIQUIDACIONES'!F13)=0)),1,0) | G13: =IF(AND('LID_LIQUIDACIONES'!G13<>"",COUNTIF(CL_ID_PAGOS,'LID_LIQUIDACIONES'!G13)=0),1,0) | H13: =IF(AND('LID_LIQUIDACIONES'!H13<>"",COUNTIF(CL_FLAG_HORARIO,'LID_LIQUIDACIONES'!H13)=0),1,0) | I13: =IF(AND('LID_LIQUIDACIONES'!I13<>"",COUNTIF(CL_CAT_ID_PAGOS_RET,'LID_LIQUIDACIONES'!I13)=0),1,0) | J13: =IF(AND('LID_LIQUIDACIONES'!J13<>"",NOT(ISNUMBER('LID_LIQUIDACIONES'!J13))),1,0) | K13: =IF(AND('LID_LIQUIDACIONES'!K13<>"",LEN('LID_LIQUIDACIONES'!K13)>5),1,0) | L13: =IF(AND('LID_LIQUIDACIONES'!L13<>"",IF(ISNUMBER('LID_LIQUIDACIONES'!L13),OR('LID_LIQUIDACIONES'!L13<>ROUND('LID_LIQUIDACIONES'!L13,0),LEN(TEXT(INT(ABS('LID_LIQUIDACIONES'!L13)),"0"))>12),TRUE)),1,0) | M13: =IF(AND('LID_LIQUIDACIONES'!M13<>"",COUNTIF(CL_CAT_MOTIVO_RET,'LID_LIQUIDACIONES'!M13)=0),1,0) | N13: =IF(AND('LID_LIQUIDACIONES'!N13<>"",LEN('LID_LIQUIDACIONES'!N13)>50),1,0) | O13: =IF(AND('LID_LIQUIDACIONES'!O13<>"",COUNTIF(CL_CARACT_LIQ,'LID_LIQUIDACIONES'!O13)=0),1,0) | P13: =IF(AND('LID_LIQUIDACIONES'!P13<>"",NOT(ISNUMBER('LID_LIQUIDACIONES'!P13))),1,0)
... A201: =IF(AND('LID_LIQUIDACIONES'!A201<>"",NOT(ISNUMBER('LID_LIQUIDACIONES'!A201))),1,0) | B201: =IF(AND('LID_LIQUIDACIONES'!B201<>"",LEN('LID_LIQUIDACIONES'!B201)>5),1,0) | C201: =IF(AND('LID_LIQUIDACIONES'!C201<>"",COUNTIF(CL_TIPO_VALOR,'LID_LIQUIDACIONES'!C201)=0),1,0) | D201: =IF(AND('LID_LIQUIDACIONES'!D201<>"",COUNTIF(CL_TIPO_OBLIGACI_N,'LID_LIQUIDACIONES'!D201)=0),1,0) | E201: =IF(AND('LID_LIQUIDACIONES'!E201<>"",IF(ISNUMBER('LID_LIQUIDACIONES'!E201),OR('LID_LIQUIDACIONES'!E201<>ROUND('LID_LIQUIDACIONES'!E201,0),LEN(TEXT(INT(ABS('LID_LIQUIDACIONES'!E201)),"0"))>12),TRUE)),1,0) | F201: =IF(AND('LID_LIQUIDACIONES'!F201<>"",OR(LEN('LID_LIQUIDACIONES'!F201)>3,COUNTIF(CL_MONEDA,'LID_LIQUIDACIONES'!F201)=0)),1,0) | G201: =IF(AND('LID_LIQUIDACIONES'!G201<>"",COUNTIF(CL_ID_PAGOS,'LID_LIQUIDACIONES'!G201)=0),1,0) | H201: =IF(AND('LID_LIQUIDACIONES'!H201<>"",COUNTIF(CL_FLAG_HORARIO,'LID_LIQUIDACIONES'!H201)=0),1,0) | I201: =IF(AND('LID_LIQUIDACIONES'!I201<>"",COUNTIF(CL_CAT_ID_PAGOS_RET,'LID_LIQUIDACIONES'!I201)=0),1,0) | J201: =IF(AND('LID_LIQUIDACIONES'!J201<>"",NOT(ISNUMBER('LID_LIQUIDACIONES'!J201))),1,0) | K201: =IF(AND('LID_LIQUIDACIONES'!K201<>"",LEN('LID_LIQUIDACIONES'!K201)>5),1,0) | L201: =IF(AND('LID_LIQUIDACIONES'!L201<>"",IF(ISNUMBER('LID_LIQUIDACIONES'!L201),OR('LID_LIQUIDACIONES'!L201<>ROUND('LID_LIQUIDACIONES'!L201,0),LEN(TEXT(INT(ABS('LID_LIQUIDACIONES'!L201)),"0"))>12),TRUE)),1,0) | M201: =IF(AND('LID_LIQUIDACIONES'!M201<>"",COUNTIF(CL_CAT_MOTIVO_RET,'LID_LIQUIDACIONES'!M201)=0),1,0) | N201: =IF(AND('LID_LIQUIDACIONES'!N201<>"",LEN('LID_LIQUIDACIONES'!N201)>50),1,0) | O201: =IF(AND('LID_LIQUIDACIONES'!O201<>"",COUNTIF(CL_CARACT_LIQ,'LID_LIQUIDACIONES'!O201)=0),1,0) | P201: =IF(AND('LID_LIQUIDACIONES'!P201<>"",NOT(ISNUMBER('LID_LIQUIDACIONES'!P201))),1,0)
