Workbook
Name CL_MONEDA_DER_V1: CAT_MONEDA_DER_V1!$A$2:$A$54

Sheet VALIDACION
A1: RESUMEN DE VALIDACIÓN
A2: Total celdas con error de formato: | C2: =SUM(CHK!A2:R201)
A3: Estado: | C3: =IF(C2=0,"✔ SIN ERRORES DE FORMATO","✖ REVISAR: "&C2&" celda(s) marcada(s) en rojo")
A5: Orden | B5: Campo | C5: Tipo | D5: Long | E5: Catálogo | F5: # Errores | G5: # Vacíos (obligatorio)
A6: 1 | B6: NUM_ID | C6: TEXTO | D6: 34 | E6: — | F6: =SUM(CHK!A2:A201) | G6: =COUNTBLANK('SWAP_CONVO'!A2:A201)
A7: 2 | B7: FE_CON_OPE | C7: FECHA | D7: AAAA/MM/DD | E7: — | F7: =SUM(CHK!B2:B201) | G7: =COUNTBLANK('SWAP_CONVO'!B2:B201)
A8: 3 | B8: FE_VEN_FLU_R | C8: FECHA | D8: AAAA/MM/DD | E8: — | F8: =SUM(CHK!C2:C201) | G8: =COUNTBLANK('SWAP_CONVO'!C2:C201)
A9: 4 | B9: FE_VEN_FLU_E | C9: FECHA | D9: AAAA/MM/DD | E9: — | F9: =SUM(CHK!D2:D201) | G9: =COUNTBLANK('SWAP_CONVO'!D2:D201)
A10: 5 | B10: ACT_OPE | C10: NUMERICO | D10: 15 | E10: — | F10: =SUM(CHK!E2:E201) | G10: =COUNTBLANK('SWAP_CONVO'!E2:E201)
A11: 6 | B11: MON_ACT_OPE | C11: TEXTO | D11: 3 | E11: MONEDA_DER_V1 | F11: =SUM(CHK!F2:F201) | G11: =COUNTBLANK('SWAP_CONVO'!F2:F201)
A12: 7 | B12: ACT_OPE_ME | C12: NUMERICO | D12: 15 | E12: — | F12: =SUM(CHK!G2:G201) | G12: =COUNTBLANK('SWAP_CONVO'!G2:G201)
A13: 8 | B13: MON_ACT_OPE_ME | C13: TEXTO | D13: 3 | E13: MONEDA_DER_V1 | F13: =SUM(CHK!H2:H201) | G13: =COUNTBLANK('SWAP_CONVO'!H2:H201)
A14: 9 | B14: PAS_OPE | C14: NUMERICO | D14: 15 | E14: — | F14: =SUM(CHK!I2:I201) | G14: =COUNTBLANK('SWAP_CONVO'!I2:I201)
A15: 10 | B15: MON_PAS_OPE | C15: TEXTO | D15: 3 | E15: MONEDA_DER_V1 | F15: =SUM(CHK!J2:J201) | G15: =COUNTBLANK('SWAP_CONVO'!J2:J201)
A16: 11 | B16: PAS_OPE_MR | C16: NUMERICO | D16: 15 | E16: — | F16: =SUM(CHK!K2:K201) | G16: =COUNTBLANK('SWAP_CONVO'!K2:K201)
A17: 12 | B17: MON_PAS_OPE_MR | C17: TEXTO | D17: 3 | E17: MONEDA_DER_V1 | F17: =SUM(CHK!L2:L201) | G17: =COUNTBLANK('SWAP_CONVO'!L2:L201)
A18: 13 | B18: DUR_ACT | C18: NUMERICO | D18: 15 | E18: — | F18: =SUM(CHK!M2:M201) | G18: =COUNTBLANK('SWAP_CONVO'!M2:M201)
A19: 14 | B19: DUR_PAS | C19: NUMERICO | D19: 15 | E19: — | F19: =SUM(CHK!N2:N201) | G19: =COUNTBLANK('SWAP_CONVO'!N2:N201)
A20: 15 | B20: ID_GAR | C20: TEXTO | D20: 20 | E20: — | F20: =SUM(CHK!O2:O201) | G20: =COUNTBLANK('SWAP_CONVO'!O2:O201)
A21: 16 | B21: NOCIONAL | C21: NUMERICO | D21: 15 | E21: — | F21: =SUM(CHK!P2:P201) | G21: =COUNTBLANK('SWAP_CONVO'!P2:P201)
A22: 17 | B22: MON_NOCIONAL | C22: TEXTO | D22: 3 | E22: MONEDA_DER_V1 | F22: =SUM(CHK!Q2:Q201) | G22: =COUNTBLANK('SWAP_CONVO'!Q2:Q201)
A23: 18 | B23: FECHAINFO | C23: FECHA | D23: AAAA/MM/DD | E23: — | F23: =SUM(CHK!R2:R201) | G23: =COUNTBLANK('SWAP_CONVO'!R2:R201)

Sheet SWAP_CONVO
A1: NUM_ID | B1: FE_CON_OPE | C1: FE_VEN_FLU_R | D1: FE_VEN_FLU_E | E1: ACT_OPE | F1: MON_ACT_OPE | G1: ACT_OPE_ME | H1: MON_ACT_OPE_ME | I1: PAS_OPE | J1: MON_PAS_OPE | K1: PAS_OPE_MR | L1: MON_PAS_OPE_MR | M1: DUR_ACT | N1: DUR_PAS | O1: ID_GAR | P1: NOCIONAL | Q1: MON_NOCIONAL | R1: FECHAINFO

Sheet CAT_MONEDA_DER_V1
A1: Clave | B1: Descripcion
A2: AED | B2: Dirham de los Emiratos Árabes Unidos
A3: ARS | B3: Pesos Argentinos
A4: AUD | B4: Dólar Australiano
A5: BID | B5: Canasta de Tipos de Cambio del BID
A6: BIR | B6: Canasta de Tipos Cambio del BIRF
A7: BRL | B7: Real Brasileño
A8: CAD | B8: Dólar Canadiense
A9: CHF | B9: Franco Suizo
A10: CLP | B10: Peso Chileno
A11: CNH | B11: Yuan Chino Extracontinental
A12: CNY | B12: Yuan Chino
... A54: UFC | B54: Unidades de Fomento Chilenas

Sheet CHK
A2: =IF(AND('SWAP_CONVO'!A2<>"",LEN('SWAP_CONVO'!A2)>34),1,0) | B2: =IF(AND('SWAP_CONVO'!B2<>"",NOT(ISNUMBER('SWAP_CONVO'!B2))),1,0) | C2: =IF(AND('SWAP_CONVO'!C2<>"",NOT(ISNUMBER('SWAP_CONVO'!C2))),1,0) | D2: =IF(AND('SWAP_CONVO'!D2<>"",NOT(ISNUMBER('SWAP_CONVO'!D2))),1,0) | E2: =IF(AND('SWAP_CONVO'!E2<>"",IF(ISNUMBER('SWAP_CONVO'!E2),OR('SWAP_CONVO'!E2<>INT('SWAP_CONVO'!E2),LEN(TEXT(ABS('SWAP_CONVO'!E2),"0"))>15),TRUE)),1,0) | F2: =IF(AND('SWAP_CONVO'!F2<>"",OR(LEN('SWAP_CONVO'!F2)>3,COUNTIF(CL_MONEDA_DER_V1,'SWAP_CONVO'!F2)=0)),1,0) | G2: =IF(AND('SWAP_CONVO'!G2<>"",IF(ISNUMBER('SWAP_CONVO'!G2),OR('SWAP_CONVO'!G2<>INT('SWAP_CONVO'!G2),LEN(TEXT(ABS('SWAP_CONVO'!G2),"0"))>15),TRUE)),1,0) | H2: =IF(AND('SWAP_CONVO'!H2<>"",OR(LEN('SWAP_CONVO'!H2)>3,COUNTIF(CL_MONEDA_DER_V1,'SWAP_CONVO'!H2)=0)),1,0) | I2: =IF(AND('SWAP_CONVO'!I2<>"",IF(ISNUMBER('SWAP_CONVO'!I2),OR('SWAP_CONVO'!I2<>INT('SWAP_CONVO'!I2),LEN(TEXT(ABS('SWAP_CONVO'!I2),"0"))>15),TRUE)),1,0) | J2: =IF(AND('SWAP_CONVO'!J2<>"",OR(LEN('SWAP_CONVO'!J2)>3,COUNTIF(CL_MONEDA_DER_V1,'SWAP_CONVO'!J2)=0)),1,0) | K2: =IF(AND('SWAP_CONVO'!K2<>"",IF(ISNUMBER('SWAP_CONVO'!K2),OR('SWAP_CONVO'!K2<>INT('SWAP_CONVO'!K2),LEN(TEXT(ABS('SWAP_CONVO'!K2),"0"))>15),TRUE)),1,0) | L2: =IF(AND('SWAP_CONVO'!L2<>"",OR(LEN('SWAP_CONVO'!L2)>3,COUNTIF(CL_MONEDA_DER_V1,'SWAP_CONVO'!L2)=0)),1,0) | M2: =IF(AND('SWAP_CONVO'!M2<>"",IF(ISNUMBER('SWAP_CONVO'!M2),OR('SWAP_CONVO'!M2<>INT('SWAP_CONVO'!M2),LEN(TEXT(ABS('SWAP_CONVO'!M2),"0"))>15),TRUE)),1,0) | N2: =IF(AND('SWAP_CONVO'!N2<>"",IF(ISNUMBER('SWAP_CONVO'!N2),OR('SWAP_CONVO'!N2<>INT('SWAP_CONVO'!N2),LEN(TEXT(ABS('SWAP_CONVO'!N2),"0"))>15),TRUE)),1,0) | O2: =IF(AND('SWAP_CONVO'!O2<>"",LEN('SWAP_CONVO'!O2)>20),1,0) | P2: =IF(AND('SWAP_CONVO'!P2<>"",IF(ISNUMBER('SWAP_CONVO'!P2),OR('SWAP_CONVO'!P2<>INT('SWAP_CONVO'!P2),LEN(TEXT(ABS('SWAP_CONVO'!P2),"0"))>15),TRUE)),1,0) | Q2: =IF(AND('SWAP_CONVO'!Q2<>"",OR(LEN('SWAP_CONVO'!Q2)>3,COUNTIF(CL_MONEDA_DER_V1,'SWAP_CONVO'!Q2)=0)),1,0) | R2: =IF(AND('SWAP_CONVO'!R2<>"",NOT(ISNUMBER('SWAP_CONVO'!R2))),1,0)
A3: =IF(AND('SWAP_CONVO'!A3<>"",LEN('SWAP_CONVO'!A3)>34),1,0) | B3: =IF(AND('SWAP_CONVO'!B3<>"",NOT(ISNUMBER('SWAP_CONVO'!B3))),1,0) | C3: =IF(AND('SWAP_CONVO'!C3<>"",NOT(ISNUMBER('SWAP_CONVO'!C3))),1,0) | D3: =IF(AND('SWAP_CONVO'!D3<>"",NOT(ISNUMBER('SWAP_CONVO'!D3))),1,0) | E3: =IF(AND('SWAP_CONVO'!E3<>"",IF(ISNUMBER('SWAP_CONVO'!E3),OR('SWAP_CONVO'!E3<>INT('SWAP_CONVO'!E3),LEN(TEXT(ABS('SWAP_CONVO'!E3),"0"))>15),TRUE)),1,0) | F3: =IF(AND('SWAP_CONVO'!F3<>"",OR(LEN('SWAP_CONVO'!F3)>3,COUNTIF(CL_MONEDA_DER_V1,'SWAP_CONVO'!F3)=0)),1,0) | G3: =IF(AND('SWAP_CONVO'!G3<>"",IF(ISNUMBER('SWAP_CONVO'!G3),OR('SWAP_CONVO'!G3<>INT('SWAP_CONVO'!G3),LEN(TEXT(ABS('SWAP_CONVO'!G3),"0"))>15),TRUE)),1,0) | H3: =IF(AND('SWAP_CONVO'!H3<>"",OR(LEN('SWAP_CONVO'!H3)>3,COUNTIF(CL_MONEDA_DER_V1,'SWAP_CONVO'!H3)=0)),1,0) | I3: =IF(AND('SWAP_CONVO'!I3<>"",IF(ISNUMBER('SWAP_CONVO'!I3),OR('SWAP_CONVO'!I3<>INT('SWAP_CONVO'!I3),LEN(TEXT(ABS('SWAP_CONVO'!I3),"0"))>15),TRUE)),1,0) | J3: =IF(AND('SWAP_CONVO'!J3<>"",OR(LEN('SWAP_CONVO'!J3)>3,COUNTIF(CL_MONEDA_DER_V1,'SWAP_CONVO'!J3)=0)),1,0) | K3: =IF(AND('SWAP_CONVO'!K3<>"",IF(ISNUMBER('SWAP_CONVO'!K3),OR('SWAP_CONVO'!K3<>INT('SWAP_CONVO'!K3),LEN(TEXT(ABS('SWAP_CONVO'!K3),"0"))>15),TRUE)),1,0) | L3: =IF(AND('SWAP_CONVO'!L3<>"",OR(LEN('SWAP_CONVO'!L3)>3,COUNTIF(CL_MONEDA_DER_V1,'SWAP_CONVO'!L3)=0)),1,0) | M3: =IF(AND('SWAP_CONVO'!M3<>"",IF(ISNUMBER('SWAP_CONVO'!M3),OR('SWAP_CONVO'!M3<>INT('SWAP_CONVO'!M3),LEN(TEXT(ABS('SWAP_CONVO'!M3),"0"))>15),TRUE)),1,0) | N3: =IF(AND('SWAP_CONVO'!N3<>"",IF(ISNUMBER('SWAP_CONVO'!N3),OR('SWAP_CONVO'!N3<>INT('SWAP_CONVO'!N3),LEN(TEXT(ABS('SWAP_CONVO'!N3),"0"))>15),TRUE)),1,0) | O3: =IF(AND('SWAP_CONVO'!O3<>"",LEN('SWAP_CONVO'!O3)>20),1,0) | P3: =IF(AND('SWAP_CONVO'!P3<>"",IF(ISNUMBER('SWAP_CONVO'!P3),OR('SWAP_CONVO'!P3<>INT('SWAP_CONVO'!P3),LEN(TEXT(ABS('SWAP_CONVO'!P3),"0"))>15),TRUE)),1,0) | Q3: =IF(AND('SWAP_CONVO'!Q3<>"",OR(LEN('SWAP_CONVO'!Q3)>3,COUNTIF(CL_MONEDA_DER_V1,'SWAP_CONVO'!Q3)=0)),1,0) | R3: =IF(AND('SWAP_CONVO'!R3<>"",NOT(ISNUMBER('SWAP_CONVO'!R3))),1,0)
A4: =IF(AND('SWAP_CONVO'!A4<>"",LEN('SWAP_CONVO'!A4)>34),1,0) | B4: =IF(AND('SWAP_CONVO'!B4<>"",NOT(ISNUMBER('SWAP_CONVO'!B4))),1,0) | C4: =IF(AND('SWAP_CONVO'!C4<>"",NOT(ISNUMBER('SWAP_CONVO'!C4))),1,0) | D4: =IF(AND('SWAP_CONVO'!D4<>"",NOT(ISNUMBER('SWAP_CONVO'!D4))),1,0) | E4: =IF(AND('SWAP_CONVO'!E4<>"",IF(ISNUMBER('SWAP_CONVO'!E4),OR('SWAP_CONVO'!E4<>INT('SWAP_CONVO'!E4),LEN(TEXT(ABS('SWAP_CONVO'!E4),"0"))>15),TRUE)),1,0) | F4: =IF(AND('SWAP_CONVO'!F4<>"",OR(LEN('SWAP_CONVO'!F4)>3,COUNTIF(CL_MONEDA_DER_V1,'SWAP_CONVO'!F4)=0)),1,0) | G4: =IF(AND('SWAP_CONVO'!G4<>"",IF(ISNUMBER('SWAP_CONVO'!G4),OR('SWAP_CONVO'!G4<>INT('SWAP_CONVO'!G4),LEN(TEXT(ABS('SWAP_CONVO'!G4),"0"))>15),TRUE)),1,0) | H4: =IF(AND('SWAP_CONVO'!H4<>"",OR(LEN('SWAP_CONVO'!H4)>3,COUNTIF(CL_MONEDA_DER_V1,'SWAP_CONVO'!H4)=0)),1,0) | I4: =IF(AND('SWAP_CONVO'!I4<>"",IF(ISNUMBER('SWAP_CONVO'!I4),OR('SWAP_CONVO'!I4<>INT('SWAP_CONVO'!I4),LEN(TEXT(ABS('SWAP_CONVO'!I4),"0"))>15),TRUE)),1,0) | J4: =IF(AND('SWAP_CONVO'!J4<>"",OR(LEN('SWAP_CONVO'!J4)>3,COUNTIF(CL_MONEDA_DER_V1,'SWAP_CONVO'!J4)=0)),1,0) | K4: =IF(AND('SWAP_CONVO'!K4<>"",IF(ISNUMBER('SWAP_CONVO'!K4),OR('SWAP_CONVO'!K4<>INT('SWAP_CONVO'!K4),LEN(TEXT(ABS('SWAP_CONVO'!K4),"0"))>15),TRUE)),1,0) | L4: =IF(AND('SWAP_CONVO'!L4<>"",OR(LEN('SWAP_CONVO'!L4)>3,COUNTIF(CL_MONEDA_DER_V1,'SWAP_CONVO'!L4)=0)),1,0) | M4: =IF(AND('SWAP_CONVO'!M4<>"",IF(ISNUMBER('SWAP_CONVO'!M4),OR('SWAP_CONVO'!M4<>INT('SWAP_CONVO'!M4),LEN(TEXT(ABS('SWAP_CONVO'!M4),"0"))>15),TRUE)),1,0) | N4: =IF(AND('SWAP_CONVO'!N4<>"",IF(ISNUMBER('SWAP_CONVO'!N4),OR('SWAP_CONVO'!N4<>INT('SWAP_CONVO'!N4),LEN(TEXT(ABS('SWAP_CONVO'!N4),"0"))>15),TRUE)),1,0) | O4: =IF(AND('SWAP_CONVO'!O4<>"",LEN('SWAP_CONVO'!O4)>20),1,0) | P4: =IF(AND('SWAP_CONVO'!P4<>"",IF(ISNUMBER('SWAP_CONVO'!P4),OR('SWAP_CONVO'!P4<>INT('SWAP_CONVO'!P4),LEN(TEXT(ABS('SWAP_CONVO'!P4),"0"))>15),TRUE)),1,0) | Q4: =IF(AND('SWAP_CONVO'!Q4<>"",OR(LEN('SWAP_CONVO'!Q4)>3,COUNTIF(CL_MONEDA_DER_V1,'SWAP_CONVO'!Q4)=0)),1,0) | R4: =IF(AND('SWAP_CONVO'!R4<>"",NOT(ISNUMBER('SWAP_CONVO'!R4))),1,0)
A5: =IF(AND('SWAP_CONVO'!A5<>"",LEN('SWAP_CONVO'!A5)>34),1,0) | B5: =IF(AND('SWAP_CONVO'!B5<>"",NOT(ISNUMBER('SWAP_CONVO'!B5))),1,0) | C5: =IF(AND('SWAP_CONVO'!C5<>"",NOT(ISNUMBER('SWAP_CONVO'!C5))),1,0) | D5: =IF(AND('SWAP_CONVO'!D5<>"",NOT(ISNUMBER('SWAP_CONVO'!D5))),1,0) | E5: =IF(AND('SWAP_CONVO'!E5<>"",IF(ISNUMBER('SWAP_CONVO'!E5),OR('SWAP_CONVO'!E5<>INT('SWAP_CONVO'!E5),LEN(TEXT(ABS('SWAP_CONVO'!E5),"0"))>15),TRUE)),1,0) | F5: =IF(AND('SWAP_CONVO'!F5<>"",OR(LEN('SWAP_CONVO'!F5)>3,COUNTIF(CL_MONEDA_DER_V1,'SWAP_CONVO'!F5)=0)),1,0) | G5: =IF(AND('SWAP_CONVO'!G5<>"",IF(ISNUMBER('SWAP_CONVO'!G5),OR('SWAP_CONVO'!G5<>INT('SWAP_CONVO'!G5),LEN(TEXT(ABS('SWAP_CONVO'!G5),"0"))>15),TRUE)),1,0) | H5: =IF(AND('SWAP_CONVO'!H5<>"",OR(LEN('SWAP_CONVO'!H5)>3,COUNTIF(CL_MONEDA_DER_V1,'SWAP_CONVO'!H5)=0)),1,0) | I5: =IF(AND('SWAP_CONVO'!I5<>"",IF(ISNUMBER('SWAP_CONVO'!I5),OR('SWAP_CONVO'!I5<>INT('SWAP_CONVO'!I5),LEN(TEXT(ABS('SWAP_CONVO'!I5),"0"))>15),TRUE)),1,0) | J5: =IF(AND('SWAP_CONVO'!J5<>"",OR(LEN('SWAP_CONVO'!J5)>3,COUNTIF(CL_MONEDA_DER_V1,'SWAP_CONVO'!J5)=0)),1,0) | K5: =IF(AND('SWAP_CONVO'!K5<>"",IF(ISNUMBER('SWAP_CONVO'!K5),OR('SWAP_CONVO'!K5<>INT('SWAP_CONVO'!K5),LEN(TEXT(ABS('SWAP_CONVO'!K5),"0"))>15),TRUE)),1,0) | L5: =IF(AND('SWAP_CONVO'!L5<>"",OR(LEN('SWAP_CONVO'!L5)>3,COUNTIF(CL_MONEDA_DER_V1,'SWAP_CONVO'!L5)=0)),1,0) | M5: =IF(AND('SWAP_CONVO'!M5<>"",IF(ISNUMBER('SWAP_CONVO'!M5),OR('SWAP_CONVO'!M5<>INT('SWAP_CONVO'!M5),LEN(TEXT(ABS('SWAP_CONVO'!M5),"0"))>15),TRUE)),1,0) | N5: =IF(AND('SWAP_CONVO'!N5<>"",IF(ISNUMBER('SWAP_CONVO'!N5),OR('SWAP_CONVO'!N5<>INT('SWAP_CONVO'!N5),LEN(TEXT(ABS('SWAP_CONVO'!N5),"0"))>15),TRUE)),1,0) | O5: =IF(AND('SWAP_CONVO'!O5<>"",LEN('SWAP_CONVO'!O5)>20),1,0) | P5: =IF(AND('SWAP_CONVO'!P5<>"",IF(ISNUMBER('SWAP_CONVO'!P5),OR('SWAP_CONVO'!P5<>INT('SWAP_CONVO'!P5),LEN(TEXT(ABS('SWAP_CONVO'!P5),"0"))>15),TRUE)),1,0) | Q5: =IF(AND('SWAP_CONVO'!Q5<>"",OR(LEN('SWAP_CONVO'!Q5)>3,COUNTIF(CL_MONEDA_DER_V1,'SWAP_CONVO'!Q5)=0)),1,0) | R5: =IF(AND('SWAP_CONVO'!R5<>"",NOT(ISNUMBER('SWAP_CONVO'!R5))),1,0)
A6: =IF(AND('SWAP_CONVO'!A6<>"",LEN('SWAP_CONVO'!A6)>34),1,0) | B6: =IF(AND('SWAP_CONVO'!B6<>"",NOT(ISNUMBER('SWAP_CONVO'!B6))),1,0) | C6: =IF(AND('SWAP_CONVO'!C6<>"",NOT(ISNUMBER('SWAP_CONVO'!C6))),1,0) | D6: =IF(AND('SWAP_CONVO'!D6<>"",NOT(ISNUMBER('SWAP_CONVO'!D6))),1,0) | E6: =IF(AND('SWAP_CONVO'!E6<>"",IF(ISNUMBER('SWAP_CONVO'!E6),OR('SWAP_CONVO'!E6<>INT('SWAP_CONVO'!E6),LEN(TEXT(ABS('SWAP_CONVO'!E6),"0"))>15),TRUE)),1,0) | F6: =IF(AND('SWAP_CONVO'!F6<>"",OR(LEN('SWAP_CONVO'!F6)>3,COUNTIF(CL_MONEDA_DER_V1,'SWAP_CONVO'!F6)=0)),1,0) | G6: =IF(AND('SWAP_CONVO'!G6<>"",IF(ISNUMBER('SWAP_CONVO'!G6),OR('SWAP_CONVO'!G6<>INT('SWAP_CONVO'!G6),LEN(TEXT(ABS('SWAP_CONVO'!G6),"0"))>15),TRUE)),1,0) | H6: =IF(AND('SWAP_CONVO'!H6<>"",OR(LEN('SWAP_CONVO'!H6)>3,COUNTIF(CL_MONEDA_DER_V1,'SWAP_CONVO'!H6)=0)),1,0) | I6: =IF(AND('SWAP_CONVO'!I6<>"",IF(ISNUMBER('SWAP_CONVO'!I6),OR('SWAP_CONVO'!I6<>INT('SWAP_CONVO'!I6),LEN(TEXT(ABS('SWAP_CONVO'!I6),"0"))>15),TRUE)),1,0) | J6: =IF(AND('SWAP_CONVO'!J6<>"",OR(LEN('SWAP_CONVO'!J6)>3,COUNTIF(CL_MONEDA_DER_V1,'SWAP_CONVO'!J6)=0)),1,0) | K6: =IF(AND('SWAP_CONVO'!K6<>"",IF(ISNUMBER('SWAP_CONVO'!K6),OR('SWAP_CONVO'!K6<>INT('SWAP_CONVO'!K6),LEN(TEXT(ABS('SWAP_CONVO'!K6),"0"))>15),TRUE)),1,0) | L6: =IF(AND('SWAP_CONVO'!L6<>"",OR(LEN('SWAP_CONVO'!L6)>3,COUNTIF(CL_MONEDA_DER_V1,'SWAP_CONVO'!L6)=0)),1,0) | M6: =IF(AND('SWAP_CONVO'!M6<>"",IF(ISNUMBER('SWAP_CONVO'!M6),OR('SWAP_CONVO'!M6<>INT('SWAP_CONVO'!M6),LEN(TEXT(ABS('SWAP_CONVO'!M6),"0"))>15),TRUE)),1,0) | N6: =IF(AND('SWAP_CONVO'!N6<>"",IF(ISNUMBER('SWAP_CONVO'!N6),OR('SWAP_CONVO'!N6<>INT('SWAP_CONVO'!N6),LEN(TEXT(ABS('SWAP_CONVO'!N6),"0"))>15),TRUE)),1,0) | O6: =IF(AND('SWAP_CONVO'!O6<>"",LEN('SWAP_CONVO'!O6)>20),1,0) | P6: =IF(AND('SWAP_CONVO'!P6<>"",IF(ISNUMBER('SWAP_CONVO'!P6),OR('SWAP_CONVO'!P6<>INT('SWAP_CONVO'!P6),LEN(TEXT(ABS('SWAP_CONVO'!P6),"0"))>15),TRUE)),1,0) | Q6: =IF(AND('SWAP_CONVO'!Q6<>"",OR(LEN('SWAP_CONVO'!Q6)>3,COUNTIF(CL_MONEDA_DER_V1,'SWAP_CONVO'!Q6)=0)),1,0) | R6: =IF(AND('SWAP_CONVO'!R6<>"",NOT(ISNUMBER('SWAP_CONVO'!R6))),1,0)
A7: =IF(AND('SWAP_CONVO'!A7<>"",LEN('SWAP_CONVO'!A7)>34),1,0) | B7: =IF(AND('SWAP_CONVO'!B7<>"",NOT(ISNUMBER('SWAP_CONVO'!B7))),1,0) | C7: =IF(AND('SWAP_CONVO'!C7<>"",NOT(ISNUMBER('SWAP_CONVO'!C7))),1,0) | D7: =IF(AND('SWAP_CONVO'!D7<>"",NOT(ISNUMBER('SWAP_CONVO'!D7))),1,0) | E7: =IF(AND('SWAP_CONVO'!E7<>"",IF(ISNUMBER('SWAP_CONVO'!E7),OR('SWAP_CONVO'!E7<>INT('SWAP_CONVO'!E7),LEN(TEXT(ABS('SWAP_CONVO'!E7),"0"))>15),TRUE)),1,0) | F7: =IF(AND('SWAP_CONVO'!F7<>"",OR(LEN('SWAP_CONVO'!F7)>3,COUNTIF(CL_MONEDA_DER_V1,'SWAP_CONVO'!F7)=0)),1,0) | G7: =IF(AND('SWAP_CONVO'!G7<>"",IF(ISNUMBER('SWAP_CONVO'!G7),OR('SWAP_CONVO'!G7<>INT('SWAP_CONVO'!G7),LEN(TEXT(ABS('SWAP_CONVO'!G7),"0"))>15),TRUE)),1,0) | H7: =IF(AND('SWAP_CONVO'!H7<>"",OR(LEN('SWAP_CONVO'!H7)>3,COUNTIF(CL_MONEDA_DER_V1,'SWAP_CONVO'!H7)=0)),1,0) | I7: =IF(AND('SWAP_CONVO'!I7<>"",IF(ISNUMBER('SWAP_CONVO'!I7),OR('SWAP_CONVO'!I7<>INT('SWAP_CONVO'!I7),LEN(TEXT(ABS('SWAP_CONVO'!I7),"0"))>15),TRUE)),1,0) | J7: =IF(AND('SWAP_CONVO'!J7<>"",OR(LEN('SWAP_CONVO'!J7)>3,COUNTIF(CL_MONEDA_DER_V1,'SWAP_CONVO'!J7)=0)),1,0) | K7: =IF(AND('SWAP_CONVO'!K7<>"",IF(ISNUMBER('SWAP_CONVO'!K7),OR('SWAP_CONVO'!K7<>INT('SWAP_CONVO'!K7),LEN(TEXT(ABS('SWAP_CONVO'!K7),"0"))>15),TRUE)),1,0) | L7: =IF(AND('SWAP_CONVO'!L7<>"",OR(LEN('SWAP_CONVO'!L7)>3,COUNTIF(CL_MONEDA_DER_V1,'SWAP_CONVO'!L7)=0)),1,0) | M7: =IF(AND('SWAP_CONVO'!M7<>"",IF(ISNUMBER('SWAP_CONVO'!M7),OR('SWAP_CONVO'!M7<>INT('SWAP_CONVO'!M7),LEN(TEXT(ABS('SWAP_CONVO'!M7),"0"))>15),TRUE)),1,0) | N7: =IF(AND('SWAP_CONVO'!N7<>"",IF(ISNUMBER('SWAP_CONVO'!N7),OR('SWAP_CONVO'!N7<>INT('SWAP_CONVO'!N7),LEN(TEXT(ABS('SWAP_CONVO'!N7),"0"))>15),TRUE)),1,0) | O7: =IF(AND('SWAP_CONVO'!O7<>"",LEN('SWAP_CONVO'!O7)>20),1,0) | P7: =IF(AND('SWAP_CONVO'!P7<>"",IF(ISNUMBER('SWAP_CONVO'!P7),OR('SWAP_CONVO'!P7<>INT('SWAP_CONVO'!P7),LEN(TEXT(ABS('SWAP_CONVO'!P7),"0"))>15),TRUE)),1,0) | Q7: =IF(AND('SWAP_CONVO'!Q7<>"",OR(LEN('SWAP_CONVO'!Q7)>3,COUNTIF(CL_MONEDA_DER_V1,'SWAP_CONVO'!Q7)=0)),1,0) | R7: =IF(AND('SWAP_CONVO'!R7<>"",NOT(ISNUMBER('SWAP_CONVO'!R7))),1,0)
A8: =IF(AND('SWAP_CONVO'!A8<>"",LEN('SWAP_CONVO'!A8)>34),1,0) | B8: =IF(AND('SWAP_CONVO'!B8<>"",NOT(ISNUMBER('SWAP_CONVO'!B8))),1,0) | C8: =IF(AND('SWAP_CONVO'!C8<>"",NOT(ISNUMBER('SWAP_CONVO'!C8))),1,0) | D8: =IF(AND('SWAP_CONVO'!D8<>"",NOT(ISNUMBER('SWAP_CONVO'!D8))),1,0) | E8: =IF(AND('SWAP_CONVO'!E8<>"",IF(ISNUMBER('SWAP_CONVO'!E8),OR('SWAP_CONVO'!E8<>INT('SWAP_CONVO'!E8),LEN(TEXT(ABS('SWAP_CONVO'!E8),"0"))>15),TRUE)),1,0) | F8: =IF(AND('SWAP_CONVO'!F8<>"",OR(LEN('SWAP_CONVO'!F8)>3,COUNTIF(CL_MONEDA_DER_V1,'SWAP_CONVO'!F8)=0)),1,0) | G8: =IF(AND('SWAP_CONVO'!G8<>"",IF(ISNUMBER('SWAP_CONVO'!G8),OR('SWAP_CONVO'!G8<>INT('SWAP_CONVO'!G8),LEN(TEXT(ABS('SWAP_CONVO'!G8),"0"))>15),TRUE)),1,0) | H8: =IF(AND('SWAP_CONVO'!H8<>"",OR(LEN('SWAP_CONVO'!H8)>3,COUNTIF(CL_MONEDA_DER_V1,'SWAP_CONVO'!H8)=0)),1,0) | I8: =IF(AND('SWAP_CONVO'!I8<>"",IF(ISNUMBER('SWAP_CONVO'!I8),OR('SWAP_CONVO'!I8<>INT('SWAP_CONVO'!I8),LEN(TEXT(ABS('SWAP_CONVO'!I8),"0"))>15),TRUE)),1,0) | J8: =IF(AND('SWAP_CONVO'!J8<>"",OR(LEN('SWAP_CONVO'!J8)>3,COUNTIF(CL_MONEDA_DER_V1,'SWAP_CONVO'!J8)=0)),1,0) | K8: =IF(AND('SWAP_CONVO'!K8<>"",IF(ISNUMBER('SWAP_CONVO'!K8),OR('SWAP_CONVO'!K8<>INT('SWAP_CONVO'!K8),LEN(TEXT(ABS('SWAP_CONVO'!K8),"0"))>15),TRUE)),1,0) | L8: =IF(AND('SWAP_CONVO'!L8<>"",OR(LEN('SWAP_CONVO'!L8)>3,COUNTIF(CL_MONEDA_DER_V1,'SWAP_CONVO'!L8)=0)),1,0) | M8: =IF(AND('SWAP_CONVO'!M8<>"",IF(ISNUMBER('SWAP_CONVO'!M8),OR('SWAP_CONVO'!M8<>INT('SWAP_CONVO'!M8),LEN(TEXT(ABS('SWAP_CONVO'!M8),"0"))>15),TRUE)),1,0) | N8: =IF(AND('SWAP_CONVO'!N8<>"",IF(ISNUMBER('SWAP_CONVO'!N8),OR('SWAP_CONVO'!N8<>INT('SWAP_CONVO'!N8),LEN(TEXT(ABS('SWAP_CONVO'!N8),"0"))>15),TRUE)),1,0) | O8: =IF(AND('SWAP_CONVO'!O8<>"",LEN('SWAP_CONVO'!O8)>20),1,0) | P8: =IF(AND('SWAP_CONVO'!P8<>"",IF(ISNUMBER('SWAP_CONVO'!P8),OR('SWAP_CONVO'!P8<>INT('SWAP_CONVO'!P8),LEN(TEXT(ABS('SWAP_CONVO'!P8),"0"))>15),TRUE)),1,0) | Q8: =IF(AND('SWAP_CONVO'!Q8<>"",OR(LEN('SWAP_CONVO'!Q8)>3,COUNTIF(CL_MONEDA_DER_V1,'SWAP_CONVO'!Q8)=0)),1,0) | R8: =IF(AND('SWAP_CONVO'!R8<>"",NOT(ISNUMBER('SWAP_CONVO'!R8))),1,0)
A9: =IF(AND('SWAP_CONVO'!A9<>"",LEN('SWAP_CONVO'!A9)>34),1,0) | B9: =IF(AND('SWAP_CONVO'!B9<>"",NOT(ISNUMBER('SWAP_CONVO'!B9))),1,0) | C9: =IF(AND('SWAP_CONVO'!C9<>"",NOT(ISNUMBER('SWAP_CONVO'!C9))),1,0) | D9: =IF(AND('SWAP_CONVO'!D9<>"",NOT(ISNUMBER('SWAP_CONVO'!D9))),1,0) | E9: =IF(AND('SWAP_CONVO'!E9<>"",IF(ISNUMBER('SWAP_CONVO'!E9),OR('SWAP_CONVO'!E9<>INT('SWAP_CONVO'!E9),LEN(TEXT(ABS('SWAP_CONVO'!E9),"0"))>15),TRUE)),1,0) | F9: =IF(AND('SWAP_CONVO'!F9<>"",OR(LEN('SWAP_CONVO'!F9)>3,COUNTIF(CL_MONEDA_DER_V1,'SWAP_CONVO'!F9)=0)),1,0) | G9: =IF(AND('SWAP_CONVO'!G9<>"",IF(ISNUMBER('SWAP_CONVO'!G9),OR('SWAP_CONVO'!G9<>INT('SWAP_CONVO'!G9),LEN(TEXT(ABS('SWAP_CONVO'!G9),"0"))>15),TRUE)),1,0) | H9: =IF(AND('SWAP_CONVO'!H9<>"",OR(LEN('SWAP_CONVO'!H9)>3,COUNTIF(CL_MONEDA_DER_V1,'SWAP_CONVO'!H9)=0)),1,0) | I9: =IF(AND('SWAP_CONVO'!I9<>"",IF(ISNUMBER('SWAP_CONVO'!I9),OR('SWAP_CONVO'!I9<>INT('SWAP_CONVO'!I9),LEN(TEXT(ABS('SWAP_CONVO'!I9),"0"))>15),TRUE)),1,0) | J9: =IF(AND('SWAP_CONVO'!J9<>"",OR(LEN('SWAP_CONVO'!J9)>3,COUNTIF(CL_MONEDA_DER_V1,'SWAP_CONVO'!J9)=0)),1,0) | K9: =IF(AND('SWAP_CONVO'!K9<>"",IF(ISNUMBER('SWAP_CONVO'!K9),OR('SWAP_CONVO'!K9<>INT('SWAP_CONVO'!K9),LEN(TEXT(ABS('SWAP_CONVO'!K9),"0"))>15),TRUE)),1,0) | L9: =IF(AND('SWAP_CONVO'!L9<>"",OR(LEN('SWAP_CONVO'!L9)>3,COUNTIF(CL_MONEDA_DER_V1,'SWAP_CONVO'!L9)=0)),1,0) | M9: =IF(AND('SWAP_CONVO'!M9<>"",IF(ISNUMBER('SWAP_CONVO'!M9),OR('SWAP_CONVO'!M9<>INT('SWAP_CONVO'!M9),LEN(TEXT(ABS('SWAP_CONVO'!M9),"0"))>15),TRUE)),1,0) | N9: =IF(AND('SWAP_CONVO'!N9<>"",IF(ISNUMBER('SWAP_CONVO'!N9),OR('SWAP_CONVO'!N9<>INT('SWAP_CONVO'!N9),LEN(TEXT(ABS('SWAP_CONVO'!N9),"0"))>15),TRUE)),1,0) | O9: =IF(AND('SWAP_CONVO'!O9<>"",LEN('SWAP_CONVO'!O9)>20),1,0) | P9: =IF(AND('SWAP_CONVO'!P9<>"",IF(ISNUMBER('SWAP_CONVO'!P9),OR('SWAP_CONVO'!P9<>INT('SWAP_CONVO'!P9),LEN(TEXT(ABS('SWAP_CONVO'!P9),"0"))>15),TRUE)),1,0) | Q9: =IF(AND('SWAP_CONVO'!Q9<>"",OR(LEN('SWAP_CONVO'!Q9)>3,COUNTIF(CL_MONEDA_DER_V1,'SWAP_CONVO'!Q9)=0)),1,0) | R9: =IF(AND('SWAP_CONVO'!R9<>"",NOT(ISNUMBER('SWAP_CONVO'!R9))),1,0)
A10: =IF(AND('SWAP_CONVO'!A10<>"",LEN('SWAP_CONVO'!A10)>34),1,0) | B10: =IF(AND('SWAP_CONVO'!B10<>"",NOT(ISNUMBER('SWAP_CONVO'!B10))),1,0) | C10: =IF(AND('SWAP_CONVO'!C10<>"",NOT(ISNUMBER('SWAP_CONVO'!C10))),1,0) | D10: =IF(AND('SWAP_CONVO'!D10<>"",NOT(ISNUMBER('SWAP_CONVO'!D10))),1,0) | E10: =IF(AND('SWAP_CONVO'!E10<>"",IF(ISNUMBER('SWAP_CONVO'!E10),OR('SWAP_CONVO'!E10<>INT('SWAP_CONVO'!E10),LEN(TEXT(ABS('SWAP_CONVO'!E10),"0"))>15),TRUE)),1,0) | F10: =IF(AND('SWAP_CONVO'!F10<>"",OR(LEN('SWAP_CONVO'!F10)>3,COUNTIF(CL_MONEDA_DER_V1,'SWAP_CONVO'!F10)=0)),1,0) | G10: =IF(AND('SWAP_CONVO'!G10<>"",IF(ISNUMBER('SWAP_CONVO'!G10),OR('SWAP_CONVO'!G10<>INT('SWAP_CONVO'!G10),LEN(TEXT(ABS('SWAP_CONVO'!G10),"0"))>15),TRUE)),1,0) | H10: =IF(AND('SWAP_CONVO'!H10<>"",OR(LEN('SWAP_CONVO'!H10)>3,COUNTIF(CL_MONEDA_DER_V1,'SWAP_CONVO'!H10)=0)),1,0) | I10: =IF(AND('SWAP_CONVO'!I10<>"",IF(ISNUMBER('SWAP_CONVO'!I10),OR('SWAP_CONVO'!I10<>INT('SWAP_CONVO'!I10),LEN(TEXT(ABS('SWAP_CONVO'!I10),"0"))>15),TRUE)),1,0) | J10: =IF(AND('SWAP_CONVO'!J10<>"",OR(LEN('SWAP_CONVO'!J10)>3,COUNTIF(CL_MONEDA_DER_V1,'SWAP_CONVO'!J10)=0)),1,0) | K10: =IF(AND('SWAP_CONVO'!K10<>"",IF(ISNUMBER('SWAP_CONVO'!K10),OR('SWAP_CONVO'!K10<>INT('SWAP_CONVO'!K10),LEN(TEXT(ABS('SWAP_CONVO'!K10),"0"))>15),TRUE)),1,0) | L10: =IF(AND('SWAP_CONVO'!L10<>"",OR(LEN('SWAP_CONVO'!L10)>3,COUNTIF(CL_MONEDA_DER_V1,'SWAP_CONVO'!L10)=0)),1,0) | M10: =IF(AND('SWAP_CONVO'!M10<>"",IF(ISNUMBER('SWAP_CONVO'!M10),OR('SWAP_CONVO'!M10<>INT('SWAP_CONVO'!M10),LEN(TEXT(ABS('SWAP_CONVO'!M10),"0"))>15),TRUE)),1,0) | N10: =IF(AND('SWAP_CONVO'!N10<>"",IF(ISNUMBER('SWAP_CONVO'!N10),OR('SWAP_CONVO'!N10<>INT('SWAP_CONVO'!N10),LEN(TEXT(ABS('SWAP_CONVO'!N10),"0"))>15),TRUE)),1,0) | O10: =IF(AND('SWAP_CONVO'!O10<>"",LEN('SWAP_CONVO'!O10)>20),1,0) | P10: =IF(AND('SWAP_CONVO'!P10<>"",IF(ISNUMBER('SWAP_CONVO'!P10),OR('SWAP_CONVO'!P10<>INT('SWAP_CONVO'!P10),LEN(TEXT(ABS('SWAP_CONVO'!P10),"0"))>15),TRUE)),1,0) | Q10: =IF(AND('SWAP_CONVO'!Q10<>"",OR(LEN('SWAP_CONVO'!Q10)>3,COUNTIF(CL_MONEDA_DER_V1,'SWAP_CONVO'!Q10)=0)),1,0) | R10: =IF(AND('SWAP_CONVO'!R10<>"",NOT(ISNUMBER('SWAP_CONVO'!R10))),1,0)
A11: =IF(AND('SWAP_CONVO'!A11<>"",LEN('SWAP_CONVO'!A11)>34),1,0) | B11: =IF(AND('SWAP_CONVO'!B11<>"",NOT(ISNUMBER('SWAP_CONVO'!B11))),1,0) | C11: =IF(AND('SWAP_CONVO'!C11<>"",NOT(ISNUMBER('SWAP_CONVO'!C11))),1,0) | D11: =IF(AND('SWAP_CONVO'!D11<>"",NOT(ISNUMBER('SWAP_CONVO'!D11))),1,0) | E11: =IF(AND('SWAP_CONVO'!E11<>"",IF(ISNUMBER('SWAP_CONVO'!E11),OR('SWAP_CONVO'!E11<>INT('SWAP_CONVO'!E11),LEN(TEXT(ABS('SWAP_CONVO'!E11),"0"))>15),TRUE)),1,0) | F11: =IF(AND('SWAP_CONVO'!F11<>"",OR(LEN('SWAP_CONVO'!F11)>3,COUNTIF(CL_MONEDA_DER_V1,'SWAP_CONVO'!F11)=0)),1,0) | G11: =IF(AND('SWAP_CONVO'!G11<>"",IF(ISNUMBER('SWAP_CONVO'!G11),OR('SWAP_CONVO'!G11<>INT('SWAP_CONVO'!G11),LEN(TEXT(ABS('SWAP_CONVO'!G11),"0"))>15),TRUE)),1,0) | H11: =IF(AND('SWAP_CONVO'!H11<>"",OR(LEN('SWAP_CONVO'!H11)>3,COUNTIF(CL_MONEDA_DER_V1,'SWAP_CONVO'!H11)=0)),1,0) | I11: =IF(AND('SWAP_CONVO'!I11<>"",IF(ISNUMBER('SWAP_CONVO'!I11),OR('SWAP_CONVO'!I11<>INT('SWAP_CONVO'!I11),LEN(TEXT(ABS('SWAP_CONVO'!I11),"0"))>15),TRUE)),1,0) | J11: =IF(AND('SWAP_CONVO'!J11<>"",OR(LEN('SWAP_CONVO'!J11)>3,COUNTIF(CL_MONEDA_DER_V1,'SWAP_CONVO'!J11)=0)),1,0) | K11: =IF(AND('SWAP_CONVO'!K11<>"",IF(ISNUMBER('SWAP_CONVO'!K11),OR('SWAP_CONVO'!K11<>INT('SWAP_CONVO'!K11),LEN(TEXT(ABS('SWAP_CONVO'!K11),"0"))>15),TRUE)),1,0) | L11: =IF(AND('SWAP_CONVO'!L11<>"",OR(LEN('SWAP_CONVO'!L11)>3,COUNTIF(CL_MONEDA_DER_V1,'SWAP_CONVO'!L11)=0)),1,0) | M11: =IF(AND('SWAP_CONVO'!M11<>"",IF(ISNUMBER('SWAP_CONVO'!M11),OR('SWAP_CONVO'!M11<>INT('SWAP_CONVO'!M11),LEN(TEXT(ABS('SWAP_CONVO'!M11),"0"))>15),TRUE)),1,0) | N11: =IF(AND('SWAP_CONVO'!N11<>"",IF(ISNUMBER('SWAP_CONVO'!N11),OR('SWAP_CONVO'!N11<>INT('SWAP_CONVO'!N11),LEN(TEXT(ABS('SWAP_CONVO'!N11),"0"))>15),TRUE)),1,0) | O11: =IF(AND('SWAP_CONVO'!O11<>"",LEN('SWAP_CONVO'!O11)>20),1,0) | P11: =IF(AND('SWAP_CONVO'!P11<>"",IF(ISNUMBER('SWAP_CONVO'!P11),OR('SWAP_CONVO'!P11<>INT('SWAP_CONVO'!P11),LEN(TEXT(ABS('SWAP_CONVO'!P11),"0"))>15),TRUE)),1,0) | Q11: =IF(AND('SWAP_CONVO'!Q11<>"",OR(LEN('SWAP_CONVO'!Q11)>3,COUNTIF(CL_MONEDA_DER_V1,'SWAP_CONVO'!Q11)=0)),1,0) | R11: =IF(AND('SWAP_CONVO'!R11<>"",NOT(ISNUMBER('SWAP_CONVO'!R11))),1,0)
A12: =IF(AND('SWAP_CONVO'!A12<>"",LEN('SWAP_CONVO'!A12)>34),1,0) | B12: =IF(AND('SWAP_CONVO'!B12<>"",NOT(ISNUMBER('SWAP_CONVO'!B12))),1,0) | C12: =IF(AND('SWAP_CONVO'!C12<>"",NOT(ISNUMBER('SWAP_CONVO'!C12))),1,0) | D12: =IF(AND('SWAP_CONVO'!D12<>"",NOT(ISNUMBER('SWAP_CONVO'!D12))),1,0) | E12: =IF(AND('SWAP_CONVO'!E12<>"",IF(ISNUMBER('SWAP_CONVO'!E12),OR('SWAP_CONVO'!E12<>INT('SWAP_CONVO'!E12),LEN(TEXT(ABS('SWAP_CONVO'!E12),"0"))>15),TRUE)),1,0) | F12: =IF(AND('SWAP_CONVO'!F12<>"",OR(LEN('SWAP_CONVO'!F12)>3,COUNTIF(CL_MONEDA_DER_V1,'SWAP_CONVO'!F12)=0)),1,0) | G12: =IF(AND('SWAP_CONVO'!G12<>"",IF(ISNUMBER('SWAP_CONVO'!G12),OR('SWAP_CONVO'!G12<>INT('SWAP_CONVO'!G12),LEN(TEXT(ABS('SWAP_CONVO'!G12),"0"))>15),TRUE)),1,0) | H12: =IF(AND('SWAP_CONVO'!H12<>"",OR(LEN('SWAP_CONVO'!H12)>3,COUNTIF(CL_MONEDA_DER_V1,'SWAP_CONVO'!H12)=0)),1,0) | I12: =IF(AND('SWAP_CONVO'!I12<>"",IF(ISNUMBER('SWAP_CONVO'!I12),OR('SWAP_CONVO'!I12<>INT('SWAP_CONVO'!I12),LEN(TEXT(ABS('SWAP_CONVO'!I12),"0"))>15),TRUE)),1,0) | J12: =IF(AND('SWAP_CONVO'!J12<>"",OR(LEN('SWAP_CONVO'!J12)>3,COUNTIF(CL_MONEDA_DER_V1,'SWAP_CONVO'!J12)=0)),1,0) | K12: =IF(AND('SWAP_CONVO'!K12<>"",IF(ISNUMBER('SWAP_CONVO'!K12),OR('SWAP_CONVO'!K12<>INT('SWAP_CONVO'!K12),LEN(TEXT(ABS('SWAP_CONVO'!K12),"0"))>15),TRUE)),1,0) | L12: =IF(AND('SWAP_CONVO'!L12<>"",OR(LEN('SWAP_CONVO'!L12)>3,COUNTIF(CL_MONEDA_DER_V1,'SWAP_CONVO'!L12)=0)),1,0) | M12: =IF(AND('SWAP_CONVO'!M12<>"",IF(ISNUMBER('SWAP_CONVO'!M12),OR('SWAP_CONVO'!M12<>INT('SWAP_CONVO'!M12),LEN(TEXT(ABS('SWAP_CONVO'!M12),"0"))>15),TRUE)),1,0) | N12: =IF(AND('SWAP_CONVO'!N12<>"",IF(ISNUMBER('SWAP_CONVO'!N12),OR('SWAP_CONVO'!N12<>INT('SWAP_CONVO'!N12),LEN(TEXT(ABS('SWAP_CONVO'!N12),"0"))>15),TRUE)),1,0) | O12: =IF(AND('SWAP_CONVO'!O12<>"",LEN('SWAP_CONVO'!O12)>20),1,0) | P12: =IF(AND('SWAP_CONVO'!P12<>"",IF(ISNUMBER('SWAP_CONVO'!P12),OR('SWAP_CONVO'!P12<>INT('SWAP_CONVO'!P12),LEN(TEXT(ABS('SWAP_CONVO'!P12),"0"))>15),TRUE)),1,0) | Q12: =IF(AND('SWAP_CONVO'!Q12<>"",OR(LEN('SWAP_CONVO'!Q12)>3,COUNTIF(CL_MONEDA_DER_V1,'SWAP_CONVO'!Q12)=0)),1,0) | R12: =IF(AND('SWAP_CONVO'!R12<>"",NOT(ISNUMBER('SWAP_CONVO'!R12))),1,0)
A13: =IF(AND('SWAP_CONVO'!A13<>"",LEN('SWAP_CONVO'!A13)>34),1,0) | B13: =IF(AND('SWAP_CONVO'!B13<>"",NOT(ISNUMBER('SWAP_CONVO'!B13))),1,0) | C13: =IF(AND('SWAP_CONVO'!C13<>"",NOT(ISNUMBER('SWAP_CONVO'!C13))),1,0) | D13: =IF(AND('SWAP_CONVO'!D13<>"",NOT(ISNUMBER('SWAP_CONVO'!D13))),1,0) | E13: =IF(AND('SWAP_CONVO'!E13<>"",IF(ISNUMBER('SWAP_CONVO'!E13),OR('SWAP_CONVO'!E13<>INT('SWAP_CONVO'!E13),LEN(TEXT(ABS('SWAP_CONVO'!E13),"0"))>15),TRUE)),1,0) | F13: =IF(AND('SWAP_CONVO'!F13<>"",OR(LEN('SWAP_CONVO'!F13)>3,COUNTIF(CL_MONEDA_DER_V1,'SWAP_CONVO'!F13)=0)),1,0) | G13: =IF(AND('SWAP_CONVO'!G13<>"",IF(ISNUMBER('SWAP_CONVO'!G13),OR('SWAP_CONVO'!G13<>INT('SWAP_CONVO'!G13),LEN(TEXT(ABS('SWAP_CONVO'!G13),"0"))>15),TRUE)),1,0) | H13: =IF(AND('SWAP_CONVO'!H13<>"",OR(LEN('SWAP_CONVO'!H13)>3,COUNTIF(CL_MONEDA_DER_V1,'SWAP_CONVO'!H13)=0)),1,0) | I13: =IF(AND('SWAP_CONVO'!I13<>"",IF(ISNUMBER('SWAP_CONVO'!I13),OR('SWAP_CONVO'!I13<>INT('SWAP_CONVO'!I13),LEN(TEXT(ABS('SWAP_CONVO'!I13),"0"))>15),TRUE)),1,0) | J13: =IF(AND('SWAP_CONVO'!J13<>"",OR(LEN('SWAP_CONVO'!J13)>3,COUNTIF(CL_MONEDA_DER_V1,'SWAP_CONVO'!J13)=0)),1,0) | K13: =IF(AND('SWAP_CONVO'!K13<>"",IF(ISNUMBER('SWAP_CONVO'!K13),OR('SWAP_CONVO'!K13<>INT('SWAP_CONVO'!K13),LEN(TEXT(ABS('SWAP_CONVO'!K13),"0"))>15),TRUE)),1,0) | L13: =IF(AND('SWAP_CONVO'!L13<>"",OR(LEN('SWAP_CONVO'!L13)>3,COUNTIF(CL_MONEDA_DER_V1,'SWAP_CONVO'!L13)=0)),1,0) | M13: =IF(AND('SWAP_CONVO'!M13<>"",IF(ISNUMBER('SWAP_CONVO'!M13),OR('SWAP_CONVO'!M13<>INT('SWAP_CONVO'!M13),LEN(TEXT(ABS('SWAP_CONVO'!M13),"0"))>15),TRUE)),1,0) | N13: =IF(AND('SWAP_CONVO'!N13<>"",IF(ISNUMBER('SWAP_CONVO'!N13),OR('SWAP_CONVO'!N13<>INT('SWAP_CONVO'!N13),LEN(TEXT(ABS('SWAP_CONVO'!N13),"0"))>15),TRUE)),1,0) | O13: =IF(AND('SWAP_CONVO'!O13<>"",LEN('SWAP_CONVO'!O13)>20),1,0) | P13: =IF(AND('SWAP_CONVO'!P13<>"",IF(ISNUMBER('SWAP_CONVO'!P13),OR('SWAP_CONVO'!P13<>INT('SWAP_CONVO'!P13),LEN(TEXT(ABS('SWAP_CONVO'!P13),"0"))>15),TRUE)),1,0) | Q13: =IF(AND('SWAP_CONVO'!Q13<>"",OR(LEN('SWAP_CONVO'!Q13)>3,COUNTIF(CL_MONEDA_DER_V1,'SWAP_CONVO'!Q13)=0)),1,0) | R13: =IF(AND('SWAP_CONVO'!R13<>"",NOT(ISNUMBER('SWAP_CONVO'!R13))),1,0)
... A201: =IF(AND('SWAP_CONVO'!A201<>"",LEN('SWAP_CONVO'!A201)>34),1,0) | B201: =IF(AND('SWAP_CONVO'!B201<>"",NOT(ISNUMBER('SWAP_CONVO'!B201))),1,0) | C201: =IF(AND('SWAP_CONVO'!C201<>"",NOT(ISNUMBER('SWAP_CONVO'!C201))),1,0) | D201: =IF(AND('SWAP_CONVO'!D201<>"",NOT(ISNUMBER('SWAP_CONVO'!D201))),1,0) | E201: =IF(AND('SWAP_CONVO'!E201<>"",IF(ISNUMBER('SWAP_CONVO'!E201),OR('SWAP_CONVO'!E201<>INT('SWAP_CONVO'!E201),LEN(TEXT(ABS('SWAP_CONVO'!E201),"0"))>15),TRUE)),1,0) | F201: =IF(AND('SWAP_CONVO'!F201<>"",OR(LEN('SWAP_CONVO'!F201)>3,COUNTIF(CL_MONEDA_DER_V1,'SWAP_CONVO'!F201)=0)),1,0) | G201: =IF(AND('SWAP_CONVO'!G201<>"",IF(ISNUMBER('SWAP_CONVO'!G201),OR('SWAP_CONVO'!G201<>INT('SWAP_CONVO'!G201),LEN(TEXT(ABS('SWAP_CONVO'!G201),"0"))>15),TRUE)),1,0) | H201: =IF(AND('SWAP_CONVO'!H201<>"",OR(LEN('SWAP_CONVO'!H201)>3,COUNTIF(CL_MONEDA_DER_V1,'SWAP_CONVO'!H201)=0)),1,0) | I201: =IF(AND('SWAP_CONVO'!I201<>"",IF(ISNUMBER('SWAP_CONVO'!I201),OR('SWAP_CONVO'!I201<>INT('SWAP_CONVO'!I201),LEN(TEXT(ABS('SWAP_CONVO'!I201),"0"))>15),TRUE)),1,0) | J201: =IF(AND('SWAP_CONVO'!J201<>"",OR(LEN('SWAP_CONVO'!J201)>3,COUNTIF(CL_MONEDA_DER_V1,'SWAP_CONVO'!J201)=0)),1,0) | K201: =IF(AND('SWAP_CONVO'!K201<>"",IF(ISNUMBER('SWAP_CONVO'!K201),OR('SWAP_CONVO'!K201<>INT('SWAP_CONVO'!K201),LEN(TEXT(ABS('SWAP_CONVO'!K201),"0"))>15),TRUE)),1,0) | L201: =IF(AND('SWAP_CONVO'!L201<>"",OR(LEN('SWAP_CONVO'!L201)>3,COUNTIF(CL_MONEDA_DER_V1,'SWAP_CONVO'!L201)=0)),1,0) | M201: =IF(AND('SWAP_CONVO'!M201<>"",IF(ISNUMBER('SWAP_CONVO'!M201),OR('SWAP_CONVO'!M201<>INT('SWAP_CONVO'!M201),LEN(TEXT(ABS('SWAP_CONVO'!M201),"0"))>15),TRUE)),1,0) | N201: =IF(AND('SWAP_CONVO'!N201<>"",IF(ISNUMBER('SWAP_CONVO'!N201),OR('SWAP_CONVO'!N201<>INT('SWAP_CONVO'!N201),LEN(TEXT(ABS('SWAP_CONVO'!N201),"0"))>15),TRUE)),1,0) | O201: =IF(AND('SWAP_CONVO'!O201<>"",LEN('SWAP_CONVO'!O201)>20),1,0) | P201: =IF(AND('SWAP_CONVO'!P201<>"",IF(ISNUMBER('SWAP_CONVO'!P201),OR('SWAP_CONVO'!P201<>INT('SWAP_CONVO'!P201),LEN(TEXT(ABS('SWAP_CONVO'!P201),"0"))>15),TRUE)),1,0) | Q201: =IF(AND('SWAP_CONVO'!Q201<>"",OR(LEN('SWAP_CONVO'!Q201)>3,COUNTIF(CL_MONEDA_DER_V1,'SWAP_CONVO'!Q201)=0)),1,0) | R201: =IF(AND('SWAP_CONVO'!R201<>"",NOT(ISNUMBER('SWAP_CONVO'!R201))),1,0)
