Workbook
Name CL_SECCION_CANASTA: CAT_SECCION_CANASTA!$A$2:$A$3

Sheet VALIDACION
A1: RESUMEN DE VALIDACIÓN
A2: Total celdas con error de formato: | C2: =SUM(CHK!A2:N201)
A3: Estado: | C3: =IF(C2=0,"✔ SIN ERRORES DE FORMATO","✖ REVISAR: "&C2&" celda(s) marcada(s) en rojo")
A5: Orden | B5: Campo | C5: Tipo | D5: Long | E5: Catálogo | F5: # Errores | G5: # Vacíos (obligatorio)
A6: 3 | B6: FECHACONCERTACION | C6: FECHA | D6: AAAA/MM/DD | E6: — | F6: =SUM(CHK!A2:A201) | G6: =COUNTBLANK('REPORTOS_CANASTA'!A2:A201)
A7: 4 | B7: TITULOOBJETOREPORTO | C7: TEXTO | D7: 18 | E7: — | F7: =SUM(CHK!B2:B201) | G7: =COUNTBLANK('REPORTOS_CANASTA'!B2:B201)
A8: 5 | B8: PRECIOUNITARIOTITULOS | C8: NUMERICO | D8: 19,8 | E8: — | F8: =SUM(CHK!C2:C201) | G8: =COUNTBLANK('REPORTOS_CANASTA'!C2:C201)
A9: 6 | B9: NUMEROTITULOSOBJETOREPORTO | C9: NUMERICO | D9: 12,0 | E9: — | F9: =SUM(CHK!D2:D201) | G9: =COUNTBLANK('REPORTOS_CANASTA'!D2:D201)
A10: 7 | B10: IMPORTEREPORTO | C10: NUMERICO | D10: 12,0 | E10: — | F10: =SUM(CHK!E2:E201) | G10: =COUNTBLANK('REPORTOS_CANASTA'!E2:E201)
A11: 8 | B11: HAIRCUT | C11: NUMERICO | D11: 4,2 | E11: — | F11: =SUM(CHK!F2:F201) | G11: =COUNTBLANK('REPORTOS_CANASTA'!F2:F201)
A12: 9 | B12: FECHA_FIN_COLATERAL | C12: FECHA | D12: AAAA/MM/DD | E12: — | F12: =SUM(CHK!G2:G201) | G12: =COUNTBLANK('REPORTOS_CANASTA'!G2:G201)
A13: 10 | B13: NUMEROIDENTIFICACIONOPERACION | C13: TEXTO | D13: 37 | E13: — | F13: =SUM(CHK!H2:H201) | G13: =COUNTBLANK('REPORTOS_CANASTA'!H2:H201)
A14: 11 | B14: NUM_ID_CANASTA | C14: TEXTO | D14: 37 | E14: — | F14: =SUM(CHK!I2:I201) | G14: =COUNTBLANK('REPORTOS_CANASTA'!I2:I201)
A15: 12 | B15: SECCION | C15: TEXTO | D15: 2 | E15: SECCION_CANASTA | F15: =SUM(CHK!J2:J201) | G15: =COUNTBLANK('REPORTOS_CANASTA'!J2:J201)
A16: 13 | B16: EMISION | C16: TEXTO | D16: 50 | E16: — | F16: =SUM(CHK!K2:K201) | G16: =COUNTBLANK('REPORTOS_CANASTA'!K2:K201)
A17: 14 | B17: SERIE | C17: TEXTO | D17: 50 | E17: — | F17: =SUM(CHK!L2:L201) | G17: =COUNTBLANK('REPORTOS_CANASTA'!L2:L201)
A18: 15 | B18: TIPOVALOR | C18: TEXTO | D18: 50 | E18: — | F18: =SUM(CHK!M2:M201) | G18: =COUNTBLANK('REPORTOS_CANASTA'!M2:M201)
A19: 16 | B19: FECHA_INFO | C19: FECHA | D19: AAAA/MM/DD | E19: — | F19: =SUM(CHK!N2:N201) | G19: =COUNTBLANK('REPORTOS_CANASTA'!N2:N201)

Sheet REPORTOS_CANASTA
A1: FECHACONCERTACION | B1: TITULOOBJETOREPORTO | C1: PRECIOUNITARIOTITULOS | D1: NUMEROTITULOSOBJETOREPORTO | E1: IMPORTEREPORTO | F1: HAIRCUT | G1: FECHA_FIN_COLATERAL | H1: NUMEROIDENTIFICACIONOPERACION | I1: NUM_ID_CANASTA | J1: SECCION | K1: EMISION | L1: SERIE | M1: TIPOVALOR | N1: FECHA_INFO

Sheet CAT_SECCION_CANASTA
A1: Clave | B1: Descripcion
A2: 1 | B2: registros en moneda nacional o udis
A3: 2 | B3: registros en moneda extranjera

Sheet CHK
A2: =IF(AND('REPORTOS_CANASTA'!A2<>"",NOT(ISNUMBER('REPORTOS_CANASTA'!A2))),1,0) | B2: =IF(AND('REPORTOS_CANASTA'!B2<>"",LEN('REPORTOS_CANASTA'!B2)>18),1,0) | C2: =IF(AND('REPORTOS_CANASTA'!C2<>"",IF(ISNUMBER('REPORTOS_CANASTA'!C2),OR('REPORTOS_CANASTA'!C2<>ROUND('REPORTOS_CANASTA'!C2,8),LEN(TEXT(INT(ABS('REPORTOS_CANASTA'!C2)),"0"))>19),TRUE)),1,0) | D2: =IF(AND('REPORTOS_CANASTA'!D2<>"",IF(ISNUMBER('REPORTOS_CANASTA'!D2),OR('REPORTOS_CANASTA'!D2<>ROUND('REPORTOS_CANASTA'!D2,0),LEN(TEXT(INT(ABS('REPORTOS_CANASTA'!D2)),"0"))>12),TRUE)),1,0) | E2: =IF(AND('REPORTOS_CANASTA'!E2<>"",IF(ISNUMBER('REPORTOS_CANASTA'!E2),OR('REPORTOS_CANASTA'!E2<>ROUND('REPORTOS_CANASTA'!E2,0),LEN(TEXT(INT(ABS('REPORTOS_CANASTA'!E2)),"0"))>12),TRUE)),1,0) | F2: =IF(AND('REPORTOS_CANASTA'!F2<>"",IF(ISNUMBER('REPORTOS_CANASTA'!F2),OR('REPORTOS_CANASTA'!F2<>ROUND('REPORTOS_CANASTA'!F2,2),LEN(TEXT(INT(ABS('REPORTOS_CANASTA'!F2)),"0"))>4),TRUE)),1,0) | G2: =IF(AND('REPORTOS_CANASTA'!G2<>"",NOT(ISNUMBER('REPORTOS_CANASTA'!G2))),1,0) | H2: =IF(AND('REPORTOS_CANASTA'!H2<>"",LEN('REPORTOS_CANASTA'!H2)>37),1,0) | I2: =IF(AND('REPORTOS_CANASTA'!I2<>"",LEN('REPORTOS_CANASTA'!I2)>37),1,0) | J2: =IF(AND('REPORTOS_CANASTA'!J2<>"",OR(LEN('REPORTOS_CANASTA'!J2)>2,COUNTIF(CL_SECCION_CANASTA,'REPORTOS_CANASTA'!J2)=0)),1,0) | K2: =IF(AND('REPORTOS_CANASTA'!K2<>"",LEN('REPORTOS_CANASTA'!K2)>50),1,0) | L2: =IF(AND('REPORTOS_CANASTA'!L2<>"",LEN('REPORTOS_CANASTA'!L2)>50),1,0) | M2: =IF(AND('REPORTOS_CANASTA'!M2<>"",LEN('REPORTOS_CANASTA'!M2)>50),1,0) | N2: =IF(AND('REPORTOS_CANASTA'!N2<>"",NOT(ISNUMBER('REPORTOS_CANASTA'!N2))),1,0)
A3: =IF(AND('REPORTOS_CANASTA'!A3<>"",NOT(ISNUMBER('REPORTOS_CANASTA'!A3))),1,0) | B3: =IF(AND('REPORTOS_CANASTA'!B3<>"",LEN('REPORTOS_CANASTA'!B3)>18),1,0) | C3: =IF(AND('REPORTOS_CANASTA'!C3<>"",IF(ISNUMBER('REPORTOS_CANASTA'!C3),OR('REPORTOS_CANASTA'!C3<>ROUND('REPORTOS_CANASTA'!C3,8),LEN(TEXT(INT(ABS('REPORTOS_CANASTA'!C3)),"0"))>19),TRUE)),1,0) | D3: =IF(AND('REPORTOS_CANASTA'!D3<>"",IF(ISNUMBER('REPORTOS_CANASTA'!D3),OR('REPORTOS_CANASTA'!D3<>ROUND('REPORTOS_CANASTA'!D3,0),LEN(TEXT(INT(ABS('REPORTOS_CANASTA'!D3)),"0"))>12),TRUE)),1,0) | E3: =IF(AND('REPORTOS_CANASTA'!E3<>"",IF(ISNUMBER('REPORTOS_CANASTA'!E3),OR('REPORTOS_CANASTA'!E3<>ROUND('REPORTOS_CANASTA'!E3,0),LEN(TEXT(INT(ABS('REPORTOS_CANASTA'!E3)),"0"))>12),TRUE)),1,0) | F3: =IF(AND('REPORTOS_CANASTA'!F3<>"",IF(ISNUMBER('REPORTOS_CANASTA'!F3),OR('REPORTOS_CANASTA'!F3<>ROUND('REPORTOS_CANASTA'!F3,2),LEN(TEXT(INT(ABS('REPORTOS_CANASTA'!F3)),"0"))>4),TRUE)),1,0) | G3: =IF(AND('REPORTOS_CANASTA'!G3<>"",NOT(ISNUMBER('REPORTOS_CANASTA'!G3))),1,0) | H3: =IF(AND('REPORTOS_CANASTA'!H3<>"",LEN('REPORTOS_CANASTA'!H3)>37),1,0) | I3: =IF(AND('REPORTOS_CANASTA'!I3<>"",LEN('REPORTOS_CANASTA'!I3)>37),1,0) | J3: =IF(AND('REPORTOS_CANASTA'!J3<>"",OR(LEN('REPORTOS_CANASTA'!J3)>2,COUNTIF(CL_SECCION_CANASTA,'REPORTOS_CANASTA'!J3)=0)),1,0) | K3: =IF(AND('REPORTOS_CANASTA'!K3<>"",LEN('REPORTOS_CANASTA'!K3)>50),1,0) | L3: =IF(AND('REPORTOS_CANASTA'!L3<>"",LEN('REPORTOS_CANASTA'!L3)>50),1,0) | M3: =IF(AND('REPORTOS_CANASTA'!M3<>"",LEN('REPORTOS_CANASTA'!M3)>50),1,0) | N3: =IF(AND('REPORTOS_CANASTA'!N3<>"",NOT(ISNUMBER('REPORTOS_CANASTA'!N3))),1,0)
A4: =IF(AND('REPORTOS_CANASTA'!A4<>"",NOT(ISNUMBER('REPORTOS_CANASTA'!A4))),1,0) | B4: =IF(AND('REPORTOS_CANASTA'!B4<>"",LEN('REPORTOS_CANASTA'!B4)>18),1,0) | C4: =IF(AND('REPORTOS_CANASTA'!C4<>"",IF(ISNUMBER('REPORTOS_CANASTA'!C4),OR('REPORTOS_CANASTA'!C4<>ROUND('REPORTOS_CANASTA'!C4,8),LEN(TEXT(INT(ABS('REPORTOS_CANASTA'!C4)),"0"))>19),TRUE)),1,0) | D4: =IF(AND('REPORTOS_CANASTA'!D4<>"",IF(ISNUMBER('REPORTOS_CANASTA'!D4),OR('REPORTOS_CANASTA'!D4<>ROUND('REPORTOS_CANASTA'!D4,0),LEN(TEXT(INT(ABS('REPORTOS_CANASTA'!D4)),"0"))>12),TRUE)),1,0) | E4: =IF(AND('REPORTOS_CANASTA'!E4<>"",IF(ISNUMBER('REPORTOS_CANASTA'!E4),OR('REPORTOS_CANASTA'!E4<>ROUND('REPORTOS_CANASTA'!E4,0),LEN(TEXT(INT(ABS('REPORTOS_CANASTA'!E4)),"0"))>12),TRUE)),1,0) | F4: =IF(AND('REPORTOS_CANASTA'!F4<>"",IF(ISNUMBER('REPORTOS_CANASTA'!F4),OR('REPORTOS_CANASTA'!F4<>ROUND('REPORTOS_CANASTA'!F4,2),LEN(TEXT(INT(ABS('REPORTOS_CANASTA'!F4)),"0"))>4),TRUE)),1,0) | G4: =IF(AND('REPORTOS_CANASTA'!G4<>"",NOT(ISNUMBER('REPORTOS_CANASTA'!G4))),1,0) | H4: =IF(AND('REPORTOS_CANASTA'!H4<>"",LEN('REPORTOS_CANASTA'!H4)>37),1,0) | I4: =IF(AND('REPORTOS_CANASTA'!I4<>"",LEN('REPORTOS_CANASTA'!I4)>37),1,0) | J4: =IF(AND('REPORTOS_CANASTA'!J4<>"",OR(LEN('REPORTOS_CANASTA'!J4)>2,COUNTIF(CL_SECCION_CANASTA,'REPORTOS_CANASTA'!J4)=0)),1,0) | K4: =IF(AND('REPORTOS_CANASTA'!K4<>"",LEN('REPORTOS_CANASTA'!K4)>50),1,0) | L4: =IF(AND('REPORTOS_CANASTA'!L4<>"",LEN('REPORTOS_CANASTA'!L4)>50),1,0) | M4: =IF(AND('REPORTOS_CANASTA'!M4<>"",LEN('REPORTOS_CANASTA'!M4)>50),1,0) | N4: =IF(AND('REPORTOS_CANASTA'!N4<>"",NOT(ISNUMBER('REPORTOS_CANASTA'!N4))),1,0)
A5: =IF(AND('REPORTOS_CANASTA'!A5<>"",NOT(ISNUMBER('REPORTOS_CANASTA'!A5))),1,0) | B5: =IF(AND('REPORTOS_CANASTA'!B5<>"",LEN('REPORTOS_CANASTA'!B5)>18),1,0) | C5: =IF(AND('REPORTOS_CANASTA'!C5<>"",IF(ISNUMBER('REPORTOS_CANASTA'!C5),OR('REPORTOS_CANASTA'!C5<>ROUND('REPORTOS_CANASTA'!C5,8),LEN(TEXT(INT(ABS('REPORTOS_CANASTA'!C5)),"0"))>19),TRUE)),1,0) | D5: =IF(AND('REPORTOS_CANASTA'!D5<>"",IF(ISNUMBER('REPORTOS_CANASTA'!D5),OR('REPORTOS_CANASTA'!D5<>ROUND('REPORTOS_CANASTA'!D5,0),LEN(TEXT(INT(ABS('REPORTOS_CANASTA'!D5)),"0"))>12),TRUE)),1,0) | E5: =IF(AND('REPORTOS_CANASTA'!E5<>"",IF(ISNUMBER('REPORTOS_CANASTA'!E5),OR('REPORTOS_CANASTA'!E5<>ROUND('REPORTOS_CANASTA'!E5,0),LEN(TEXT(INT(ABS('REPORTOS_CANASTA'!E5)),"0"))>12),TRUE)),1,0) | F5: =IF(AND('REPORTOS_CANASTA'!F5<>"",IF(ISNUMBER('REPORTOS_CANASTA'!F5),OR('REPORTOS_CANASTA'!F5<>ROUND('REPORTOS_CANASTA'!F5,2),LEN(TEXT(INT(ABS('REPORTOS_CANASTA'!F5)),"0"))>4),TRUE)),1,0) | G5: =IF(AND('REPORTOS_CANASTA'!G5<>"",NOT(ISNUMBER('REPORTOS_CANASTA'!G5))),1,0) | H5: =IF(AND('REPORTOS_CANASTA'!H5<>"",LEN('REPORTOS_CANASTA'!H5)>37),1,0) | I5: =IF(AND('REPORTOS_CANASTA'!I5<>"",LEN('REPORTOS_CANASTA'!I5)>37),1,0) | J5: =IF(AND('REPORTOS_CANASTA'!J5<>"",OR(LEN('REPORTOS_CANASTA'!J5)>2,COUNTIF(CL_SECCION_CANASTA,'REPORTOS_CANASTA'!J5)=0)),1,0) | K5: =IF(AND('REPORTOS_CANASTA'!K5<>"",LEN('REPORTOS_CANASTA'!K5)>50),1,0) | L5: =IF(AND('REPORTOS_CANASTA'!L5<>"",LEN('REPORTOS_CANASTA'!L5)>50),1,0) | M5: =IF(AND('REPORTOS_CANASTA'!M5<>"",LEN('REPORTOS_CANASTA'!M5)>50),1,0) | N5: =IF(AND('REPORTOS_CANASTA'!N5<>"",NOT(ISNUMBER('REPORTOS_CANASTA'!N5))),1,0)
A6: =IF(AND('REPORTOS_CANASTA'!A6<>"",NOT(ISNUMBER('REPORTOS_CANASTA'!A6))),1,0) | B6: =IF(AND('REPORTOS_CANASTA'!B6<>"",LEN('REPORTOS_CANASTA'!B6)>18),1,0) | C6: =IF(AND('REPORTOS_CANASTA'!C6<>"",IF(ISNUMBER('REPORTOS_CANASTA'!C6),OR('REPORTOS_CANASTA'!C6<>ROUND('REPORTOS_CANASTA'!C6,8),LEN(TEXT(INT(ABS('REPORTOS_CANASTA'!C6)),"0"))>19),TRUE)),1,0) | D6: =IF(AND('REPORTOS_CANASTA'!D6<>"",IF(ISNUMBER('REPORTOS_CANASTA'!D6),OR('REPORTOS_CANASTA'!D6<>ROUND('REPORTOS_CANASTA'!D6,0),LEN(TEXT(INT(ABS('REPORTOS_CANASTA'!D6)),"0"))>12),TRUE)),1,0) | E6: =IF(AND('REPORTOS_CANASTA'!E6<>"",IF(ISNUMBER('REPORTOS_CANASTA'!E6),OR('REPORTOS_CANASTA'!E6<>ROUND('REPORTOS_CANASTA'!E6,0),LEN(TEXT(INT(ABS('REPORTOS_CANASTA'!E6)),"0"))>12),TRUE)),1,0) | F6: =IF(AND('REPORTOS_CANASTA'!F6<>"",IF(ISNUMBER('REPORTOS_CANASTA'!F6),OR('REPORTOS_CANASTA'!F6<>ROUND('REPORTOS_CANASTA'!F6,2),LEN(TEXT(INT(ABS('REPORTOS_CANASTA'!F6)),"0"))>4),TRUE)),1,0) | G6: =IF(AND('REPORTOS_CANASTA'!G6<>"",NOT(ISNUMBER('REPORTOS_CANASTA'!G6))),1,0) | H6: =IF(AND('REPORTOS_CANASTA'!H6<>"",LEN('REPORTOS_CANASTA'!H6)>37),1,0) | I6: =IF(AND('REPORTOS_CANASTA'!I6<>"",LEN('REPORTOS_CANASTA'!I6)>37),1,0) | J6: =IF(AND('REPORTOS_CANASTA'!J6<>"",OR(LEN('REPORTOS_CANASTA'!J6)>2,COUNTIF(CL_SECCION_CANASTA,'REPORTOS_CANASTA'!J6)=0)),1,0) | K6: =IF(AND('REPORTOS_CANASTA'!K6<>"",LEN('REPORTOS_CANASTA'!K6)>50),1,0) | L6: =IF(AND('REPORTOS_CANASTA'!L6<>"",LEN('REPORTOS_CANASTA'!L6)>50),1,0) | M6: =IF(AND('REPORTOS_CANASTA'!M6<>"",LEN('REPORTOS_CANASTA'!M6)>50),1,0) | N6: =IF(AND('REPORTOS_CANASTA'!N6<>"",NOT(ISNUMBER('REPORTOS_CANASTA'!N6))),1,0)
A7: =IF(AND('REPORTOS_CANASTA'!A7<>"",NOT(ISNUMBER('REPORTOS_CANASTA'!A7))),1,0) | B7: =IF(AND('REPORTOS_CANASTA'!B7<>"",LEN('REPORTOS_CANASTA'!B7)>18),1,0) | C7: =IF(AND('REPORTOS_CANASTA'!C7<>"",IF(ISNUMBER('REPORTOS_CANASTA'!C7),OR('REPORTOS_CANASTA'!C7<>ROUND('REPORTOS_CANASTA'!C7,8),LEN(TEXT(INT(ABS('REPORTOS_CANASTA'!C7)),"0"))>19),TRUE)),1,0) | D7: =IF(AND('REPORTOS_CANASTA'!D7<>"",IF(ISNUMBER('REPORTOS_CANASTA'!D7),OR('REPORTOS_CANASTA'!D7<>ROUND('REPORTOS_CANASTA'!D7,0),LEN(TEXT(INT(ABS('REPORTOS_CANASTA'!D7)),"0"))>12),TRUE)),1,0) | E7: =IF(AND('REPORTOS_CANASTA'!E7<>"",IF(ISNUMBER('REPORTOS_CANASTA'!E7),OR('REPORTOS_CANASTA'!E7<>ROUND('REPORTOS_CANASTA'!E7,0),LEN(TEXT(INT(ABS('REPORTOS_CANASTA'!E7)),"0"))>12),TRUE)),1,0) | F7: =IF(AND('REPORTOS_CANASTA'!F7<>"",IF(ISNUMBER('REPORTOS_CANASTA'!F7),OR('REPORTOS_CANASTA'!F7<>ROUND('REPORTOS_CANASTA'!F7,2),LEN(TEXT(INT(ABS('REPORTOS_CANASTA'!F7)),"0"))>4),TRUE)),1,0) | G7: =IF(AND('REPORTOS_CANASTA'!G7<>"",NOT(ISNUMBER('REPORTOS_CANASTA'!G7))),1,0) | H7: =IF(AND('REPORTOS_CANASTA'!H7<>"",LEN('REPORTOS_CANASTA'!H7)>37),1,0) | I7: =IF(AND('REPORTOS_CANASTA'!I7<>"",LEN('REPORTOS_CANASTA'!I7)>37),1,0) | J7: =IF(AND('REPORTOS_CANASTA'!J7<>"",OR(LEN('REPORTOS_CANASTA'!J7)>2,COUNTIF(CL_SECCION_CANASTA,'REPORTOS_CANASTA'!J7)=0)),1,0) | K7: =IF(AND('REPORTOS_CANASTA'!K7<>"",LEN('REPORTOS_CANASTA'!K7)>50),1,0) | L7: =IF(AND('REPORTOS_CANASTA'!L7<>"",LEN('REPORTOS_CANASTA'!L7)>50),1,0) | M7: =IF(AND('REPORTOS_CANASTA'!M7<>"",LEN('REPORTOS_CANASTA'!M7)>50),1,0) | N7: =IF(AND('REPORTOS_CANASTA'!N7<>"",NOT(ISNUMBER('REPORTOS_CANASTA'!N7))),1,0)
A8: =IF(AND('REPORTOS_CANASTA'!A8<>"",NOT(ISNUMBER('REPORTOS_CANASTA'!A8))),1,0) | B8: =IF(AND('REPORTOS_CANASTA'!B8<>"",LEN('REPORTOS_CANASTA'!B8)>18),1,0) | C8: =IF(AND('REPORTOS_CANASTA'!C8<>"",IF(ISNUMBER('REPORTOS_CANASTA'!C8),OR('REPORTOS_CANASTA'!C8<>ROUND('REPORTOS_CANASTA'!C8,8),LEN(TEXT(INT(ABS('REPORTOS_CANASTA'!C8)),"0"))>19),TRUE)),1,0) | D8: =IF(AND('REPORTOS_CANASTA'!D8<>"",IF(ISNUMBER('REPORTOS_CANASTA'!D8),OR('REPORTOS_CANASTA'!D8<>ROUND('REPORTOS_CANASTA'!D8,0),LEN(TEXT(INT(ABS('REPORTOS_CANASTA'!D8)),"0"))>12),TRUE)),1,0) | E8: =IF(AND('REPORTOS_CANASTA'!E8<>"",IF(ISNUMBER('REPORTOS_CANASTA'!E8),OR('REPORTOS_CANASTA'!E8<>ROUND('REPORTOS_CANASTA'!E8,0),LEN(TEXT(INT(ABS('REPORTOS_CANASTA'!E8)),"0"))>12),TRUE)),1,0) | F8: =IF(AND('REPORTOS_CANASTA'!F8<>"",IF(ISNUMBER('REPORTOS_CANASTA'!F8),OR('REPORTOS_CANASTA'!F8<>ROUND('REPORTOS_CANASTA'!F8,2),LEN(TEXT(INT(ABS('REPORTOS_CANASTA'!F8)),"0"))>4),TRUE)),1,0) | G8: =IF(AND('REPORTOS_CANASTA'!G8<>"",NOT(ISNUMBER('REPORTOS_CANASTA'!G8))),1,0) | H8: =IF(AND('REPORTOS_CANASTA'!H8<>"",LEN('REPORTOS_CANASTA'!H8)>37),1,0) | I8: =IF(AND('REPORTOS_CANASTA'!I8<>"",LEN('REPORTOS_CANASTA'!I8)>37),1,0) | J8: =IF(AND('REPORTOS_CANASTA'!J8<>"",OR(LEN('REPORTOS_CANASTA'!J8)>2,COUNTIF(CL_SECCION_CANASTA,'REPORTOS_CANASTA'!J8)=0)),1,0) | K8: =IF(AND('REPORTOS_CANASTA'!K8<>"",LEN('REPORTOS_CANASTA'!K8)>50),1,0) | L8: =IF(AND('REPORTOS_CANASTA'!L8<>"",LEN('REPORTOS_CANASTA'!L8)>50),1,0) | M8: =IF(AND('REPORTOS_CANASTA'!M8<>"",LEN('REPORTOS_CANASTA'!M8)>50),1,0) | N8: =IF(AND('REPORTOS_CANASTA'!N8<>"",NOT(ISNUMBER('REPORTOS_CANASTA'!N8))),1,0)
A9: =IF(AND('REPORTOS_CANASTA'!A9<>"",NOT(ISNUMBER('REPORTOS_CANASTA'!A9))),1,0) | B9: =IF(AND('REPORTOS_CANASTA'!B9<>"",LEN('REPORTOS_CANASTA'!B9)>18),1,0) | C9: =IF(AND('REPORTOS_CANASTA'!C9<>"",IF(ISNUMBER('REPORTOS_CANASTA'!C9),OR('REPORTOS_CANASTA'!C9<>ROUND('REPORTOS_CANASTA'!C9,8),LEN(TEXT(INT(ABS('REPORTOS_CANASTA'!C9)),"0"))>19),TRUE)),1,0) | D9: =IF(AND('REPORTOS_CANASTA'!D9<>"",IF(ISNUMBER('REPORTOS_CANASTA'!D9),OR('REPORTOS_CANASTA'!D9<>ROUND('REPORTOS_CANASTA'!D9,0),LEN(TEXT(INT(ABS('REPORTOS_CANASTA'!D9)),"0"))>12),TRUE)),1,0) | E9: =IF(AND('REPORTOS_CANASTA'!E9<>"",IF(ISNUMBER('REPORTOS_CANASTA'!E9),OR('REPORTOS_CANASTA'!E9<>ROUND('REPORTOS_CANASTA'!E9,0),LEN(TEXT(INT(ABS('REPORTOS_CANASTA'!E9)),"0"))>12),TRUE)),1,0) | F9: =IF(AND('REPORTOS_CANASTA'!F9<>"",IF(ISNUMBER('REPORTOS_CANASTA'!F9),OR('REPORTOS_CANASTA'!F9<>ROUND('REPORTOS_CANASTA'!F9,2),LEN(TEXT(INT(ABS('REPORTOS_CANASTA'!F9)),"0"))>4),TRUE)),1,0) | G9: =IF(AND('REPORTOS_CANASTA'!G9<>"",NOT(ISNUMBER('REPORTOS_CANASTA'!G9))),1,0) | H9: =IF(AND('REPORTOS_CANASTA'!H9<>"",LEN('REPORTOS_CANASTA'!H9)>37),1,0) | I9: =IF(AND('REPORTOS_CANASTA'!I9<>"",LEN('REPORTOS_CANASTA'!I9)>37),1,0) | J9: =IF(AND('REPORTOS_CANASTA'!J9<>"",OR(LEN('REPORTOS_CANASTA'!J9)>2,COUNTIF(CL_SECCION_CANASTA,'REPORTOS_CANASTA'!J9)=0)),1,0) | K9: =IF(AND('REPORTOS_CANASTA'!K9<>"",LEN('REPORTOS_CANASTA'!K9)>50),1,0) | L9: =IF(AND('REPORTOS_CANASTA'!L9<>"",LEN('REPORTOS_CANASTA'!L9)>50),1,0) | M9: =IF(AND('REPORTOS_CANASTA'!M9<>"",LEN('REPORTOS_CANASTA'!M9)>50),1,0) | N9: =IF(AND('REPORTOS_CANASTA'!N9<>"",NOT(ISNUMBER('REPORTOS_CANASTA'!N9))),1,0)
A10: =IF(AND('REPORTOS_CANASTA'!A10<>"",NOT(ISNUMBER('REPORTOS_CANASTA'!A10))),1,0) | B10: =IF(AND('REPORTOS_CANASTA'!B10<>"",LEN('REPORTOS_CANASTA'!B10)>18),1,0) | C10: =IF(AND('REPORTOS_CANASTA'!C10<>"",IF(ISNUMBER('REPORTOS_CANASTA'!C10),OR('REPORTOS_CANASTA'!C10<>ROUND('REPORTOS_CANASTA'!C10,8),LEN(TEXT(INT(ABS('REPORTOS_CANASTA'!C10)),"0"))>19),TRUE)),1,0) | D10: =IF(AND('REPORTOS_CANASTA'!D10<>"",IF(ISNUMBER('REPORTOS_CANASTA'!D10),OR('REPORTOS_CANASTA'!D10<>ROUND('REPORTOS_CANASTA'!D10,0),LEN(TEXT(INT(ABS('REPORTOS_CANASTA'!D10)),"0"))>12),TRUE)),1,0) | E10: =IF(AND('REPORTOS_CANASTA'!E10<>"",IF(ISNUMBER('REPORTOS_CANASTA'!E10),OR('REPORTOS_CANASTA'!E10<>ROUND('REPORTOS_CANASTA'!E10,0),LEN(TEXT(INT(ABS('REPORTOS_CANASTA'!E10)),"0"))>12),TRUE)),1,0) | F10: =IF(AND('REPORTOS_CANASTA'!F10<>"",IF(ISNUMBER('REPORTOS_CANASTA'!F10),OR('REPORTOS_CANASTA'!F10<>ROUND('REPORTOS_CANASTA'!F10,2),LEN(TEXT(INT(ABS('REPORTOS_CANASTA'!F10)),"0"))>4),TRUE)),1,0) | G10: =IF(AND('REPORTOS_CANASTA'!G10<>"",NOT(ISNUMBER('REPORTOS_CANASTA'!G10))),1,0) | H10: =IF(AND('REPORTOS_CANASTA'!H10<>"",LEN('REPORTOS_CANASTA'!H10)>37),1,0) | I10: =IF(AND('REPORTOS_CANASTA'!I10<>"",LEN('REPORTOS_CANASTA'!I10)>37),1,0) | J10: =IF(AND('REPORTOS_CANASTA'!J10<>"",OR(LEN('REPORTOS_CANASTA'!J10)>2,COUNTIF(CL_SECCION_CANASTA,'REPORTOS_CANASTA'!J10)=0)),1,0) | K10: =IF(AND('REPORTOS_CANASTA'!K10<>"",LEN('REPORTOS_CANASTA'!K10)>50),1,0) | L10: =IF(AND('REPORTOS_CANASTA'!L10<>"",LEN('REPORTOS_CANASTA'!L10)>50),1,0) | M10: =IF(AND('REPORTOS_CANASTA'!M10<>"",LEN('REPORTOS_CANASTA'!M10)>50),1,0) | N10: =IF(AND('REPORTOS_CANASTA'!N10<>"",NOT(ISNUMBER('REPORTOS_CANASTA'!N10))),1,0)
A11: =IF(AND('REPORTOS_CANASTA'!A11<>"",NOT(ISNUMBER('REPORTOS_CANASTA'!A11))),1,0) | B11: =IF(AND('REPORTOS_CANASTA'!B11<>"",LEN('REPORTOS_CANASTA'!B11)>18),1,0) | C11: =IF(AND('REPORTOS_CANASTA'!C11<>"",IF(ISNUMBER('REPORTOS_CANASTA'!C11),OR('REPORTOS_CANASTA'!C11<>ROUND('REPORTOS_CANASTA'!C11,8),LEN(TEXT(INT(ABS('REPORTOS_CANASTA'!C11)),"0"))>19),TRUE)),1,0) | D11: =IF(AND('REPORTOS_CANASTA'!D11<>"",IF(ISNUMBER('REPORTOS_CANASTA'!D11),OR('REPORTOS_CANASTA'!D11<>ROUND('REPORTOS_CANASTA'!D11,0),LEN(TEXT(INT(ABS('REPORTOS_CANASTA'!D11)),"0"))>12),TRUE)),1,0) | E11: =IF(AND('REPORTOS_CANASTA'!E11<>"",IF(ISNUMBER('REPORTOS_CANASTA'!E11),OR('REPORTOS_CANASTA'!E11<>ROUND('REPORTOS_CANASTA'!E11,0),LEN(TEXT(INT(ABS('REPORTOS_CANASTA'!E11)),"0"))>12),TRUE)),1,0) | F11: =IF(AND('REPORTOS_CANASTA'!F11<>"",IF(ISNUMBER('REPORTOS_CANASTA'!F11),OR('REPORTOS_CANASTA'!F11<>ROUND('REPORTOS_CANASTA'!F11,2),LEN(TEXT(INT(ABS('REPORTOS_CANASTA'!F11)),"0"))>4),TRUE)),1,0) | G11: =IF(AND('REPORTOS_CANASTA'!G11<>"",NOT(ISNUMBER('REPORTOS_CANASTA'!G11))),1,0) | H11: =IF(AND('REPORTOS_CANASTA'!H11<>"",LEN('REPORTOS_CANASTA'!H11)>37),1,0) | I11: =IF(AND('REPORTOS_CANASTA'!I11<>"",LEN('REPORTOS_CANASTA'!I11)>37),1,0) | J11: =IF(AND('REPORTOS_CANASTA'!J11<>"",OR(LEN('REPORTOS_CANASTA'!J11)>2,COUNTIF(CL_SECCION_CANASTA,'REPORTOS_CANASTA'!J11)=0)),1,0) | K11: =IF(AND('REPORTOS_CANASTA'!K11<>"",LEN('REPORTOS_CANASTA'!K11)>50),1,0) | L11: =IF(AND('REPORTOS_CANASTA'!L11<>"",LEN('REPORTOS_CANASTA'!L11)>50),1,0) | M11: =IF(AND('REPORTOS_CANASTA'!M11<>"",LEN('REPORTOS_CANASTA'!M11)>50),1,0) | N11: =IF(AND('REPORTOS_CANASTA'!N11<>"",NOT(ISNUMBER('REPORTOS_CANASTA'!N11))),1,0)
A12: =IF(AND('REPORTOS_CANASTA'!A12<>"",NOT(ISNUMBER('REPORTOS_CANASTA'!A12))),1,0) | B12: =IF(AND('REPORTOS_CANASTA'!B12<>"",LEN('REPORTOS_CANASTA'!B12)>18),1,0) | C12: =IF(AND('REPORTOS_CANASTA'!C12<>"",IF(ISNUMBER('REPORTOS_CANASTA'!C12),OR('REPORTOS_CANASTA'!C12<>ROUND('REPORTOS_CANASTA'!C12,8),LEN(TEXT(INT(ABS('REPORTOS_CANASTA'!C12)),"0"))>19),TRUE)),1,0) | D12: =IF(AND('REPORTOS_CANASTA'!D12<>"",IF(ISNUMBER('REPORTOS_CANASTA'!D12),OR('REPORTOS_CANASTA'!D12<>ROUND('REPORTOS_CANASTA'!D12,0),LEN(TEXT(INT(ABS('REPORTOS_CANASTA'!D12)),"0"))>12),TRUE)),1,0) | E12: =IF(AND('REPORTOS_CANASTA'!E12<>"",IF(ISNUMBER('REPORTOS_CANASTA'!E12),OR('REPORTOS_CANASTA'!E12<>ROUND('REPORTOS_CANASTA'!E12,0),LEN(TEXT(INT(ABS('REPORTOS_CANASTA'!E12)),"0"))>12),TRUE)),1,0) | F12: =IF(AND('REPORTOS_CANASTA'!F12<>"",IF(ISNUMBER('REPORTOS_CANASTA'!F12),OR('REPORTOS_CANASTA'!F12<>ROUND('REPORTOS_CANASTA'!F12,2),LEN(TEXT(INT(ABS('REPORTOS_CANASTA'!F12)),"0"))>4),TRUE)),1,0) | G12: =IF(AND('REPORTOS_CANASTA'!G12<>"",NOT(ISNUMBER('REPORTOS_CANASTA'!G12))),1,0) | H12: =IF(AND('REPORTOS_CANASTA'!H12<>"",LEN('REPORTOS_CANASTA'!H12)>37),1,0) | I12: =IF(AND('REPORTOS_CANASTA'!I12<>"",LEN('REPORTOS_CANASTA'!I12)>37),1,0) | J12: =IF(AND('REPORTOS_CANASTA'!J12<>"",OR(LEN('REPORTOS_CANASTA'!J12)>2,COUNTIF(CL_SECCION_CANASTA,'REPORTOS_CANASTA'!J12)=0)),1,0) | K12: =IF(AND('REPORTOS_CANASTA'!K12<>"",LEN('REPORTOS_CANASTA'!K12)>50),1,0) | L12: =IF(AND('REPORTOS_CANASTA'!L12<>"",LEN('REPORTOS_CANASTA'!L12)>50),1,0) | M12: =IF(AND('REPORTOS_CANASTA'!M12<>"",LEN('REPORTOS_CANASTA'!M12)>50),1,0) | N12: =IF(AND('REPORTOS_CANASTA'!N12<>"",NOT(ISNUMBER('REPORTOS_CANASTA'!N12))),1,0)
A13: =IF(AND('REPORTOS_CANASTA'!A13<>"",NOT(ISNUMBER('REPORTOS_CANASTA'!A13))),1,0) | B13: =IF(AND('REPORTOS_CANASTA'!B13<>"",LEN('REPORTOS_CANASTA'!B13)>18),1,0) | C13: =IF(AND('REPORTOS_CANASTA'!C13<>"",IF(ISNUMBER('REPORTOS_CANASTA'!C13),OR('REPORTOS_CANASTA'!C13<>ROUND('REPORTOS_CANASTA'!C13,8),LEN(TEXT(INT(ABS('REPORTOS_CANASTA'!C13)),"0"))>19),TRUE)),1,0) | D13: =IF(AND('REPORTOS_CANASTA'!D13<>"",IF(ISNUMBER('REPORTOS_CANASTA'!D13),OR('REPORTOS_CANASTA'!D13<>ROUND('REPORTOS_CANASTA'!D13,0),LEN(TEXT(INT(ABS('REPORTOS_CANASTA'!D13)),"0"))>12),TRUE)),1,0) | E13: =IF(AND('REPORTOS_CANASTA'!E13<>"",IF(ISNUMBER('REPORTOS_CANASTA'!E13),OR('REPORTOS_CANASTA'!E13<>ROUND('REPORTOS_CANASTA'!E13,0),LEN(TEXT(INT(ABS('REPORTOS_CANASTA'!E13)),"0"))>12),TRUE)),1,0) | F13: =IF(AND('REPORTOS_CANASTA'!F13<>"",IF(ISNUMBER('REPORTOS_CANASTA'!F13),OR('REPORTOS_CANASTA'!F13<>ROUND('REPORTOS_CANASTA'!F13,2),LEN(TEXT(INT(ABS('REPORTOS_CANASTA'!F13)),"0"))>4),TRUE)),1,0) | G13: =IF(AND('REPORTOS_CANASTA'!G13<>"",NOT(ISNUMBER('REPORTOS_CANASTA'!G13))),1,0) | H13: =IF(AND('REPORTOS_CANASTA'!H13<>"",LEN('REPORTOS_CANASTA'!H13)>37),1,0) | I13: =IF(AND('REPORTOS_CANASTA'!I13<>"",LEN('REPORTOS_CANASTA'!I13)>37),1,0) | J13: =IF(AND('REPORTOS_CANASTA'!J13<>"",OR(LEN('REPORTOS_CANASTA'!J13)>2,COUNTIF(CL_SECCION_CANASTA,'REPORTOS_CANASTA'!J13)=0)),1,0) | K13: =IF(AND('REPORTOS_CANASTA'!K13<>"",LEN('REPORTOS_CANASTA'!K13)>50),1,0) | L13: =IF(AND('REPORTOS_CANASTA'!L13<>"",LEN('REPORTOS_CANASTA'!L13)>50),1,0) | M13: =IF(AND('REPORTOS_CANASTA'!M13<>"",LEN('REPORTOS_CANASTA'!M13)>50),1,0) | N13: =IF(AND('REPORTOS_CANASTA'!N13<>"",NOT(ISNUMBER('REPORTOS_CANASTA'!N13))),1,0)
... A201: =IF(AND('REPORTOS_CANASTA'!A201<>"",NOT(ISNUMBER('REPORTOS_CANASTA'!A201))),1,0) | B201: =IF(AND('REPORTOS_CANASTA'!B201<>"",LEN('REPORTOS_CANASTA'!B201)>18),1,0) | C201: =IF(AND('REPORTOS_CANASTA'!C201<>"",IF(ISNUMBER('REPORTOS_CANASTA'!C201),OR('REPORTOS_CANASTA'!C201<>ROUND('REPORTOS_CANASTA'!C201,8),LEN(TEXT(INT(ABS('REPORTOS_CANASTA'!C201)),"0"))>19),TRUE)),1,0) | D201: =IF(AND('REPORTOS_CANASTA'!D201<>"",IF(ISNUMBER('REPORTOS_CANASTA'!D201),OR('REPORTOS_CANASTA'!D201<>ROUND('REPORTOS_CANASTA'!D201,0),LEN(TEXT(INT(ABS('REPORTOS_CANASTA'!D201)),"0"))>12),TRUE)),1,0) | E201: =IF(AND('REPORTOS_CANASTA'!E201<>"",IF(ISNUMBER('REPORTOS_CANASTA'!E201),OR('REPORTOS_CANASTA'!E201<>ROUND('REPORTOS_CANASTA'!E201,0),LEN(TEXT(INT(ABS('REPORTOS_CANASTA'!E201)),"0"))>12),TRUE)),1,0) | F201: =IF(AND('REPORTOS_CANASTA'!F201<>"",IF(ISNUMBER('REPORTOS_CANASTA'!F201),OR('REPORTOS_CANASTA'!F201<>ROUND('REPORTOS_CANASTA'!F201,2),LEN(TEXT(INT(ABS('REPORTOS_CANASTA'!F201)),"0"))>4),TRUE)),1,0) | G201: =IF(AND('REPORTOS_CANASTA'!G201<>"",NOT(ISNUMBER('REPORTOS_CANASTA'!G201))),1,0) | H201: =IF(AND('REPORTOS_CANASTA'!H201<>"",LEN('REPORTOS_CANASTA'!H201)>37),1,0) | I201: =IF(AND('REPORTOS_CANASTA'!I201<>"",LEN('REPORTOS_CANASTA'!I201)>37),1,0) | J201: =IF(AND('REPORTOS_CANASTA'!J201<>"",OR(LEN('REPORTOS_CANASTA'!J201)>2,COUNTIF(CL_SECCION_CANASTA,'REPORTOS_CANASTA'!J201)=0)),1,0) | K201: =IF(AND('REPORTOS_CANASTA'!K201<>"",LEN('REPORTOS_CANASTA'!K201)>50),1,0) | L201: =IF(AND('REPORTOS_CANASTA'!L201<>"",LEN('REPORTOS_CANASTA'!L201)>50),1,0) | M201: =IF(AND('REPORTOS_CANASTA'!M201<>"",LEN('REPORTOS_CANASTA'!M201)>50),1,0) | N201: =IF(AND('REPORTOS_CANASTA'!N201<>"",NOT(ISNUMBER('REPORTOS_CANASTA'!N201))),1,0)
